Month,Day,Hour,Relative Humidity,Temperature(C),Temperature(F),Date,Count
3,11,0,38.82064878547031,26.886562594485866,80.3958126700745,2019-03-11 00:00:00,108
3,11,1,39.0553557388104,26.867449963124038,80.36140993362324,2019-03-11 01:00:00,108
3,11,2,39.266350351389214,26.881370288423774,80.38646651916277,2019-03-11 02:00:00,108
3,11,3,39.49209805321399,26.877661498379425,80.37979069708297,2019-03-11 03:00:00,108
3,11,4,39.70830711975042,26.829941733142316,80.29389511965617,2019-03-11 04:00:00,108
3,11,5,39.83748143852228,26.7972796554852,80.23510337987334,2019-03-11 05:00:00,108
3,11,6,39.80835680544179,26.786969219161943,80.21654459449145,2019-03-11 06:00:00,108
3,11,7,39.62758906824348,26.810458222776077,80.25882480099692,2019-03-11 07:00:00,108
3,11,8,39.153017232851774,26.798417017765452,80.23715063197781,2019-03-11 08:00:00,108
3,11,9,38.66875131774481,26.765210984235164,80.17737977162331,2019-03-11 09:00:00,108
3,11,10,38.18847043249161,26.772109333717626,80.18979680069172,2019-03-11 10:00:00,108
3,11,11,37.65727443176583,26.7906038334054,80.22308690012969,2019-03-11 11:00:00,108
3,11,12,37.64053469342035,26.582295791820865,79.84813242527758,2019-03-11 12:00:00,106
3,11,13,37.63712318151219,26.50176326475252,79.70317387655452,2019-03-11 13:00:00,108
3,11,14,37.89817116369638,26.472848567042377,79.65112742067625,2019-03-11 14:00:00,107
3,11,15,38.43161377882011,26.6975626538265,80.05561277688768,2019-03-11 15:00:00,108
3,11,16,37.392463282838335,27.619899790087178,81.71581962215691,2019-03-11 16:00:00,113
3,11,17,36.793310869589426,27.938805136104293,82.2898492449877,2019-03-11 17:00:00,111
3,11,18,37.048338154076674,27.67030561167116,81.80655010100811,2019-03-11 18:00:00,115
3,11,19,37.95763492525595,27.53865139037041,81.56957250266672,2019-03-11 19:00:00,106
3,11,20,37.87664772347185,27.663141404785488,81.79365452861387,2019-03-11 20:00:00,107
3,11,21,38.13169121893561,27.619817191213397,81.71567094418405,2019-03-11 21:00:00,107
3,11,22,38.494994844097675,27.488595320662604,81.47947157719267,2019-03-11 22:00:00,106
3,11,23,38.76632802391695,27.360150357880578,81.24827064418504,2019-03-11 23:00:00,108
3,12,0,39.112084634331865,27.314201799851556,81.16556323973282,2019-03-12 00:00:00,107
3,12,1,39.467880310251765,27.450995351982264,81.41179163356803,2019-03-12 01:00:00,102
3,12,2,38.45825130106984,27.70039784720632,81.86071612497142,2019-03-12 02:00:00,96
3,12,3,38.10017093234437,27.77046616311895,81.9868390936141,2019-03-12 03:00:00,96
3,12,4,37.94446860898716,27.76034116629792,81.96861409933622,2019-03-12 04:00:00,96
3,12,5,37.93677410985456,27.683235421276162,81.8298237582971,2019-03-12 05:00:00,96
3,12,6,38.08109366176764,27.644849444317273,81.76072899977113,2019-03-12 06:00:00,96
3,12,7,38.17872159394409,27.58345969710841,81.65022745479514,2019-03-12 07:00:00,96
3,12,8,38.160057664229846,27.550859432618697,81.59154697871368,2019-03-12 08:00:00,96
3,12,9,38.093875433054045,27.559204210218457,81.60656757839324,2019-03-12 09:00:00,96
3,12,10,38.01005191427359,27.517754675083214,81.5319584151498,2019-03-12 10:00:00,95
3,12,11,38.35828640324771,27.37350509269856,81.27230916685743,2019-03-12 11:00:00,96
3,12,12,38.426233616640836,27.304409455774948,81.14793702039485,2019-03-12 12:00:00,95
3,12,13,38.367093743163984,27.33281039393708,81.19905870908676,2019-03-12 13:00:00,96
3,12,14,38.50783630684392,27.415924378830656,81.3486638818952,2019-03-12 14:00:00,96
3,12,15,38.67056542486354,27.571999535871416,81.62959916456856,2019-03-12 15:00:00,96
3,12,16,39.182933219378434,27.622513256275283,81.7205238612955,2019-03-12 16:00:00,96
3,12,17,39.35733126790084,27.615448011240805,81.70780642023348,2019-03-12 17:00:00,96
3,12,18,39.27752468598813,27.781258742147966,82.00626573586631,2019-03-12 18:00:00,96
3,12,19,39.62981259292637,27.843253705332213,82.11785666959801,2019-03-12 19:00:00,95
3,12,20,39.74758254450849,27.936964006564626,82.28653521181636,2019-03-12 20:00:00,94
3,12,21,39.92246023079113,27.899266917628857,82.21868045173197,2019-03-12 21:00:00,94
3,12,22,40.07029656253019,27.898892290379184,82.21800612268255,2019-03-12 22:00:00,96
3,12,23,39.83496353630745,28.038187710062516,82.46873787811253,2019-03-12 23:00:00,95
3,13,0,39.667225630694574,27.97371712952368,82.35269083314259,2019-03-13 00:00:00,96
3,13,1,39.40025512669851,28.20492310088758,82.76886158159759,2019-03-13 01:00:00,96
3,13,2,39.24099171283365,28.43568401744615,83.18423123140307,2019-03-13 02:00:00,96
3,13,3,39.365677573778164,28.468339913786547,83.24301184481574,2019-03-13 03:00:00,96
3,13,4,39.163283630684404,28.455989642938892,83.22078135728997,2019-03-13 04:00:00,96
3,13,5,39.502477501538884,28.27654910861881,82.89778839551381,2019-03-13 05:00:00,96
3,13,6,39.67511090253295,28.318328628468254,82.97299153124287,2019-03-13 06:00:00,96
3,13,7,39.54772242825674,28.32480973907073,82.98465753032728,2019-03-13 07:00:00,96
3,13,8,39.727048771678135,28.222586213473704,82.80065518425262,2019-03-13 08:00:00,96
3,13,9,39.54090849577126,28.31435592873234,82.96584067171814,2019-03-13 09:00:00,95
3,13,10,39.466914289638744,28.34149929427024,83.01469872968643,2019-03-13 10:00:00,96
3,13,11,39.30754728954157,28.35789634305495,83.04421341749891,2019-03-13 11:00:00,95
3,13,12,39.030060691156784,28.338300462857006,83.0089408331426,2019-03-13 12:00:00,96
3,13,13,39.08010673096979,28.111878830650273,82.60138189517052,2019-03-13 13:00:00,96
3,13,14,38.88313391226491,28.120779926756708,82.61740386816206,2019-03-13 14:00:00,96
3,13,15,38.703330637079084,28.22222460644439,82.80000429159993,2019-03-13 15:00:00,96
3,13,16,38.518917021503896,28.283224930698612,82.90980487525752,2019-03-13 16:00:00,96
3,13,17,38.64007358739171,28.450982776379025,83.21176899748225,2019-03-13 17:00:00,96
3,13,18,38.74253877907076,28.464934366128187,83.23688185903073,2019-03-13 18:00:00,95
3,13,19,38.85462015774226,28.518413905838862,83.33314503050995,2019-03-13 19:00:00,94
3,13,20,39.62719398652301,28.179855681777116,82.72374022719883,2019-03-13 20:00:00,95
3,13,21,39.512553647293,28.24357816032412,82.83844068858342,2019-03-13 21:00:00,95
3,13,22,38.507394350075536,28.831668895286967,83.89700401151651,2019-03-13 22:00:00,95
3,13,23,37.54031663181885,29.27077372777904,84.6873927100023,2019-03-13 23:00:00,96
3,14,0,37.81351904420332,28.924827064418498,84.06468871595331,2019-03-14 00:00:00,96
3,14,1,38.91543809044153,28.45610090664022,83.22098163195241,2019-03-14 01:00:00,96
3,14,2,38.93368867929328,28.38792407365021,83.09826333257038,2019-03-14 02:00:00,96
3,14,3,39.27558516347949,28.459967320261427,83.22794117647057,2019-03-14 03:00:00,96
3,14,4,39.1205187491415,28.43412632562753,83.18142738612956,2019-03-14 04:00:00,96
3,14,5,39.06013918776613,28.43501643523818,83.18302958342868,2019-03-14 05:00:00,96
3,14,6,39.26437726701567,28.38950958139417,83.10111724650947,2019-03-14 06:00:00,96
3,14,7,39.4886146849198,28.330289476361234,82.9945210574502,2019-03-14 07:00:00,96
3,14,8,39.14221914442257,28.318022653289592,82.97244077592127,2019-03-14 08:00:00,96
3,14,9,37.661343505735644,28.27373882176259,82.89272987917262,2019-03-14 09:00:00,95
3,14,10,36.63517963157975,28.25540900536608,82.85973620965893,2019-03-14 10:00:00,96
3,14,11,35.64920955839532,28.202230226516168,82.76401440772909,2019-03-14 11:00:00,95
3,14,12,34.75765825231854,28.070127126726177,82.52622882810711,2019-03-14 12:00:00,96
3,14,13,34.26390669434143,27.860812288598964,82.14946211947812,2019-03-14 13:00:00,96
3,14,14,33.51296173353885,27.912633357493448,82.24274004348821,2019-03-14 14:00:00,96
3,14,15,32.617347470862654,28.032130572721954,82.45783503089949,2019-03-14 15:00:00,96
3,14,16,31.96465045353031,28.007318767325348,82.4131737811856,2019-03-14 16:00:00,96
3,14,17,31.441317914079193,28.03523629398514,82.46342532917328,2019-03-14 17:00:00,95
3,14,18,31.136692057509716,28.068545132572797,82.52338123863103,2019-03-14 18:00:00,95
3,14,19,30.90299348481088,28.166757016138423,82.70016262904916,2019-03-14 19:00:00,95
3,14,20,30.637219803603152,28.200474328318947,82.76085379097414,2019-03-14 20:00:00,94
3,14,21,30.267663644827,28.21844164059917,82.79319495307854,2019-03-14 21:00:00,96
3,14,22,29.4752746524523,28.822842755779345,83.88111696040285,2019-03-14 22:00:00,95
3,14,23,28.73946298755145,29.285877775234606,84.71457999542228,2019-03-14 23:00:00,96
3,15,0,28.610182683943034,28.72088069988047,83.69758525978482,2019-03-15 00:00:00,96
3,15,1,28.820573182953567,28.28781455837847,82.91806620508129,2019-03-15 01:00:00,96
3,15,2,28.54228349841532,28.27265487907226,82.89077878233005,2019-03-15 02:00:00,96
3,15,3,28.306345354557426,28.219331750209815,82.7947971503777,2019-03-15 03:00:00,96
3,15,4,28.060534723176072,28.143310826276025,82.65795948729688,2019-03-15 04:00:00,96
3,15,5,27.944799281677177,28.057192721446555,82.50294689860381,2019-03-15 05:00:00,96
3,15,6,28.156763655510286,27.97989226494748,82.36380607690548,2019-03-15 06:00:00,96
3,15,7,27.89303628751229,27.991435873960484,82.38458457312885,2019-03-15 07:00:00,96
3,15,8,27.637735885430338,28.01491368613798,82.42684463504835,2019-03-15 08:00:00,95
3,15,9,27.46484694941726,27.968070496681154,82.34252689402607,2019-03-15 09:00:00,96
3,15,10,27.35553686652417,27.749033260652194,81.94825986917398,2019-03-15 10:00:00,95
3,15,11,27.331035794046866,27.5021815632868,81.50392681391627,2019-03-15 11:00:00,96
3,15,12,27.19051579852368,27.330696383611805,81.19525349050127,2019-03-15 12:00:00,96
3,15,13,26.967693278187312,27.257790843315263,81.06402351796751,2019-03-15 13:00:00,96
3,15,14,26.765283437368044,27.295147631036855,81.13126573586636,2019-03-15 14:00:00,96
3,15,15,26.405168159781038,27.441821005315237,81.39527780956743,2019-03-15 15:00:00,96
3,15,16,26.96348471667825,27.34415423403177,81.21947762125723,2019-03-15 16:00:00,88
3,15,17,28.306440357832596,27.241982349172396,81.0355682285103,2019-03-15 17:00:00,83
3,15,18,28.66934371824709,27.189782472971643,80.94160845134898,2019-03-15 18:00:00,71
3,15,19,29.31574232888275,26.155430744581587,79.07977534024684,2019-03-15 19:00:00,65
3,15,20,30.0754319875537,25.54761044636315,77.98569880345366,2019-03-15 20:00:00,83
3,15,21,29.012051134807997,25.687529242628557,78.2375526367314,2019-03-15 21:00:00,83
3,15,22,28.802663259647836,25.561055161364152,78.00989929045548,2019-03-15 22:00:00,84
3,15,23,28.702135128122958,25.514864830497707,77.92675669489587,2019-03-15 23:00:00,84
3,16,0,28.883169341481693,25.379822486711948,77.68368047608149,2019-03-16 00:00:00,84
3,16,1,28.716833710881595,25.405540296533665,77.72997253376055,2019-03-16 01:00:00,84
3,16,2,28.60109826938268,25.342247145291324,77.61604486152439,2019-03-16 02:00:00,84
3,16,3,28.7199950871486,25.418764782177462,77.75377660791946,2019-03-16 03:00:00,84
3,16,4,30.678491651948754,25.33347861870137,77.60026151366252,2019-03-16 04:00:00,94
3,16,5,30.995255181587513,25.293061562122283,77.52751081182011,2019-03-16 05:00:00,95
3,16,6,31.372332551842753,25.232493302786764,77.4184879450162,2019-03-16 06:00:00,107
3,16,7,31.343091681186984,25.318348541971655,77.57302737554899,2019-03-16 07:00:00,106
3,16,8,31.502428839641254,25.286648569751918,77.51596742555347,2019-03-16 08:00:00,107
3,16,9,31.43266664869481,25.34282530059917,77.61708554107847,2019-03-16 09:00:00,107
3,16,10,30.988242183547655,25.474453147738426,77.85401566592917,2019-03-16 10:00:00,108
3,16,11,30.717867799884804,25.464068535614256,77.83532336410572,2019-03-16 11:00:00,108
3,16,12,30.899872357013532,25.617270218025762,78.11108639244637,2019-03-16 12:00:00,107
3,16,13,30.50420236942527,25.546403674598533,77.98352661427734,2019-03-16 13:00:00,108
3,16,14,29.91759749615771,25.47927457479606,77.8626942346329,2019-03-16 14:00:00,108
3,16,15,29.969318096387976,25.226681247509813,77.40802624551768,2019-03-16 15:00:00,108
3,16,16,29.37465837554355,25.271409255444514,77.4885366598001,2019-03-16 16:00:00,108
3,16,17,28.79465282476438,25.24401365965036,77.4392245873706,2019-03-16 17:00:00,108
3,16,18,28.49788115114794,25.29118946901429,77.52414104422576,2019-03-16 18:00:00,108
3,16,19,28.308055243253577,25.1897664239352,77.34157956308334,2019-03-16 19:00:00,108
3,16,20,28.046611584346277,25.25390584613058,77.45703052303507,2019-03-16 20:00:00,107
3,16,21,27.807510057254405,25.196368070214127,77.35346252638537,2019-03-16 21:00:00,108
3,16,22,27.88251905889986,25.088788433661406,77.15981918059053,2019-03-16 22:00:00,108
3,16,23,27.954855261639594,25.030297001887423,77.05453460339736,2019-03-16 23:00:00,107
3,17,0,28.402890474987288,25.21196971366728,77.38154548460109,2019-03-17 00:00:00,108
3,17,1,28.830998558040978,25.14610160247987,77.26298288446377,2019-03-17 01:00:00,108
3,17,2,28.86432019064835,25.17381862674454,77.31287352814022,2019-03-17 02:00:00,108
3,17,3,28.940625971247005,25.073172001263515,77.13170960227433,2019-03-17 03:00:00,107
3,17,4,28.89369945147321,25.030995779525675,77.05579240314623,2019-03-17 04:00:00,107
3,17,5,28.977582652628058,25.066782946065004,77.12020930291703,2019-03-17 05:00:00,108
3,17,6,29.14933461306489,24.924538485231253,76.86416927341631,2019-03-17 06:00:00,108
3,17,7,29.204532323437142,24.961013199053955,76.92982375829709,2019-03-17 07:00:00,105
3,17,8,29.338453955382356,24.86591487726377,76.75864677907481,2019-03-17 08:00:00,108
3,17,9,29.629689852789078,24.733316505626945,76.51996971012854,2019-03-17 09:00:00,107
3,17,10,29.691157360067514,24.710862728143574,76.47955291065846,2019-03-17 10:00:00,108
3,17,11,29.325708700989786,24.990516589195053,76.98292986055111,2019-03-17 11:00:00,107
3,17,12,29.315886250855648,25.062950529685864,77.11331095343459,2019-03-17 12:00:00,108
3,17,13,29.278607851017536,25.00385714164613,77.006942854963,2019-03-17 13:00:00,108
3,17,14,29.137577361865016,24.996538462625292,76.99376923272555,2019-03-17 14:00:00,108
3,17,15,29.154775168007163,24.836244556909097,76.70524020243636,2019-03-17 15:00:00,108
3,17,16,28.910402397574828,24.822522033745056,76.68053966074109,2019-03-17 16:00:00,108
3,17,17,28.52283704732463,24.89143135276879,76.8045764349839,2019-03-17 17:00:00,108
3,17,18,28.397506445291196,24.98405220280936,76.97129396505683,2019-03-17 18:00:00,108
3,17,19,28.131088828859067,25.02640658511569,77.04753185320818,2019-03-17 19:00:00,108
3,17,20,27.932233012891718,25.175153791160525,77.31527682408888,2019-03-17 20:00:00,108
3,17,21,27.754037174393382,25.354634504039407,77.63834210727093,2019-03-17 21:00:00,108
3,17,22,27.65717852374305,25.522361240943518,77.94025023369835,2019-03-17 22:00:00,107
3,17,23,27.651062307213575,25.668051988052767,78.20249357849498,2019-03-17 23:00:00,108
3,18,0,28.003864631079498,25.34434879298311,77.61982782736962,2019-03-18 00:00:00,108
3,18,1,28.263258985677062,25.226211467437544,77.40718064138757,2019-03-18 01:00:00,108
3,18,2,28.496935013616536,25.079261349254057,77.1426704286573,2019-03-18 02:00:00,107
3,18,3,28.596238278996967,25.018289233320523,77.03292061997693,2019-03-18 03:00:00,106
3,18,4,28.724264761991964,24.979131874683866,76.96243737443093,2019-03-18 04:00:00,108
3,18,5,28.824837306210267,25.0184697744208,77.03324559395742,2019-03-18 05:00:00,108
3,18,6,28.762606476366216,25.257082129526076,77.46274783314692,2019-03-18 06:00:00,106
3,18,7,29.081505374227582,25.29188940203886,77.52540092366993,2019-03-18 07:00:00,107
3,18,8,29.38199199795863,25.22495648683125,77.40492167629625,2019-03-18 08:00:00,107
3,18,9,29.41310967423935,25.21812630514087,77.3926273492536,2019-03-18 09:00:00,108
3,18,10,29.306467401544523,25.430746501298817,77.77534370233784,2019-03-18 10:00:00,107
3,18,11,29.362858730409062,25.537156424754667,77.96688156455836,2019-03-18 11:00:00,108
3,18,12,29.50202388643851,25.602159151598396,78.08388647287704,2019-03-18 12:00:00,108
3,18,13,29.735360102559387,25.616697608572174,78.11005569542989,2019-03-18 13:00:00,108
3,18,14,29.997086123560806,25.503826764889563,77.90688817680119,2019-03-18 14:00:00,108
3,18,15,30.016926484960617,25.475986114290077,77.85677500572211,2019-03-18 15:00:00,108
3,18,16,29.707690994567354,25.380348781680137,77.68462780702423,2019-03-18 16:00:00,108
3,18,17,29.034150292715985,25.41516195756298,77.74729152361333,2019-03-18 17:00:00,108
3,18,18,28.49333086883262,25.511293795512163,77.92032883192184,2019-03-18 18:00:00,108
3,18,19,28.145234271708947,25.58794212309512,78.05829582157115,2019-03-18 19:00:00,108
3,18,20,27.700677342024647,25.689760772445613,78.24156939040206,2019-03-18 20:00:00,108
3,18,21,27.44764947344594,25.83948150699241,78.51106671258631,2019-03-18 21:00:00,107
3,18,22,27.345981422412596,26.01175792409484,78.82116426337073,2019-03-18 22:00:00,108
3,18,23,27.478165710542118,26.074387025310212,78.93389664555833,2019-03-18 23:00:00,108
3,19,0,27.45790140979616,25.88840356722022,78.59912642099643,2019-03-19 00:00:00,108
3,19,1,27.55362638588347,25.61462484553806,78.10632472196848,2019-03-19 01:00:00,107
3,19,2,27.79245241843451,25.50114834835349,77.90206702703625,2019-03-19 02:00:00,107
3,19,3,28.360149200658803,25.09930129366558,77.17874232859806,2019-03-19 03:00:00,107
3,19,4,28.449297702079175,25.194068620386616,77.34932351669593,2019-03-19 04:00:00,108
3,19,5,28.536961959778488,25.212794977766467,77.38303095997962,2019-03-19 05:00:00,106
3,19,6,28.430909828196164,25.290367065041238,77.5226607170742,2019-03-19 06:00:00,107
3,19,7,28.534419175916124,25.16957835899915,77.30524104619846,2019-03-19 07:00:00,107
3,19,8,28.503123867728647,25.17070324310732,77.30726583759312,2019-03-19 08:00:00,108
3,19,9,28.711165036195926,25.149142810316228,77.2684570585692,2019-03-19 09:00:00,108
3,19,10,28.8616353735244,25.153506473319183,77.27631165197451,2019-03-19 10:00:00,107
3,19,11,29.133973877422726,25.08329942439579,77.1499389639124,2019-03-19 11:00:00,108
3,19,12,29.343753197209228,25.06532415531424,77.1175834795656,2019-03-19 12:00:00,108
3,19,13,29.636031113756506,25.03731042784602,77.06715877012282,2019-03-19 13:00:00,108
3,19,14,29.895524387534834,25.08213733684856,77.14784720632741,2019-03-19 14:00:00,108
3,19,15,29.850191140119865,25.17053016623856,77.30695429922943,2019-03-19 15:00:00,108
3,19,16,30.01419914183371,25.2598872810401,77.46779710587218,2019-03-19 16:00:00,108
3,19,17,30.063715257464015,25.28881584338594,77.51986851809467,2019-03-19 17:00:00,108
3,19,18,30.092854021856056,25.37785152971695,77.68013275349047,2019-03-19 18:00:00,108
3,19,19,29.922303222899973,25.48258776056901,77.8686579690242,2019-03-19 19:00:00,108
3,19,20,29.652649536125576,25.516041046768894,77.92887388418403,2019-03-19 20:00:00,108
3,19,21,29.616881337665408,25.575717904893505,78.0362922288083,2019-03-19 21:00:00,107
3,19,22,30.132209724490302,25.453387220286594,77.81609699651588,2019-03-19 22:00:00,108
3,19,23,30.890114356225492,25.354411976636758,77.6379415579461,2019-03-19 23:00:00,108
3,20,0,31.675363075787352,25.34153011254942,77.61475420258895,2019-03-20 00:00:00,108
3,20,1,32.20603221855842,25.2879672535632,77.51834105641377,2019-03-20 01:00:00,106
3,20,2,32.60093730374482,25.27002764449902,77.48604976009823,2019-03-20 02:00:00,107
3,20,3,33.03636382135535,25.225370808360804,77.40566745504948,2019-03-20 03:00:00,108
3,20,4,33.3407664032025,25.22341751227079,77.40215152208746,2019-03-20 04:00:00,108
3,20,5,33.57332176342293,25.25647872638032,77.46166170748454,2019-03-20 05:00:00,105
3,20,6,33.87095908080906,25.209151033233578,77.3764718598205,2019-03-20 06:00:00,108
3,20,7,34.25179515333205,25.218343055612014,77.3930175001016,2019-03-20 07:00:00,107
3,20,8,34.38908361836189,25.234420256069008,77.42195646092419,2019-03-20 08:00:00,108
3,20,9,34.61257308377553,25.27027720794126,77.48649897429432,2019-03-20 09:00:00,107
3,20,10,34.88438608778031,25.220969710841526,77.39774547951474,2019-03-20 10:00:00,108
3,20,11,35.04915718031722,25.214862569901882,77.38675262582336,2019-03-20 11:00:00,108
3,20,12,35.23771127017316,25.2241345450127,77.40344218102291,2019-03-20 12:00:00,108
3,20,13,35.58101735268532,25.198593344240717,77.35746801963326,2019-03-20 13:00:00,108
3,20,14,35.80782490287549,25.182694997584008,77.32885099565118,2019-03-20 14:00:00,108
3,20,15,35.84571094910975,25.241986187759455,77.43557513796698,2019-03-20 15:00:00,108
3,20,16,35.83962035383674,25.271532881779322,77.48875918720277,2019-03-20 16:00:00,108
3,20,17,35.75141270721449,25.452620737010754,77.81471732661936,2019-03-20 17:00:00,108
3,20,18,35.818762538006176,25.654898146028838,78.17881666285194,2019-03-20 18:00:00,108
3,20,19,35.96650540013939,25.67586517241281,78.21655731034308,2019-03-20 19:00:00,108
3,20,20,35.8384677935022,25.862665950776115,78.552798711397,2019-03-20 20:00:00,107
3,20,21,35.713385347864836,25.944406296889706,78.69993133440143,2019-03-20 21:00:00,108
3,20,22,35.95900167371254,26.026494183204345,78.84768952976783,2019-03-20 22:00:00,108
3,20,23,36.05457173364626,26.027829347620294,78.85009282571657,2019-03-20 23:00:00,108
3,21,0,36.35784024472537,25.87045233017385,78.56681419431294,2019-03-21 00:00:00,107
3,21,1,36.62019587533572,25.77741837502935,78.39935307505279,2019-03-21 01:00:00,106
3,21,2,36.57386917005676,25.768807450923855,78.38385341166298,2019-03-21 02:00:00,108
3,21,3,36.42508059086969,25.792420080872834,78.42635614557106,2019-03-21 03:00:00,108
3,21,4,36.33743473053822,25.743233127624446,78.33781962972401,2019-03-21 04:00:00,106
3,21,5,36.214650174205794,25.66031991181141,78.18857584126054,2019-03-21 05:00:00,107
3,21,6,35.84067861738213,25.677964047177472,78.22033528491944,2019-03-21 06:00:00,107
3,21,7,35.432271167432866,25.760153607487084,78.3682764934768,2019-03-21 07:00:00,108
3,21,8,35.20754144831214,25.755927666531903,78.36066979975746,2019-03-21 08:00:00,107
3,21,9,35.542255165135664,25.699675604497447,78.2594160880954,2019-03-21 09:00:00,108
3,21,10,35.86273917951345,25.771354153420994,78.3884374761578,2019-03-21 10:00:00,108
3,21,11,35.7830809763719,25.760870640228994,78.36956715241219,2019-03-21 11:00:00,108
3,21,12,35.77650991650655,25.771255252353132,78.38825945423567,2019-03-21 12:00:00,108
3,21,13,35.855772442925044,25.751821192520826,78.35327814653746,2019-03-21 13:00:00,108
3,21,14,36.27475169872495,25.524966868142272,77.94494036265608,2019-03-21 14:00:00,108
3,21,15,36.03726087701179,25.48679105595258,77.87622390071462,2019-03-21 15:00:00,108
3,21,16,35.145787088616345,25.608365193605906,78.09505734849064,2019-03-21 16:00:00,108
3,21,17,34.115826447145224,25.76425800180282,78.37566440324511,2019-03-21 17:00:00,108
3,21,18,33.02125744932088,25.921782677619255,78.65920881971466,2019-03-21 18:00:00,108
3,21,19,31.766001836267527,25.932369020192535,78.67826423634655,2019-03-21 19:00:00,107
3,21,20,30.80979198144163,25.944109593686157,78.6993972686351,2019-03-21 20:00:00,108
3,21,21,30.37943701985336,26.15244469310999,79.07440044759797,2019-03-21 21:00:00,108
3,21,22,30.047662087556482,26.287395200189902,79.31731136034178,2019-03-21 22:00:00,108
3,21,23,29.5916446642146,26.620864875709604,79.91755677627728,2019-03-21 23:00:00,108
3,22,0,29.880289767182433,26.278508099517612,79.30131457913176,2019-03-22 00:00:00,106
3,22,1,30.155366717914994,26.100574780259397,78.9810346044669,2019-03-22 01:00:00,107
3,22,2,30.235552005770092,26.03838703661318,78.86909666590367,2019-03-22 02:00:00,108
3,22,3,30.096028501010302,25.967288831691558,78.74111989704477,2019-03-22 03:00:00,106
3,22,4,30.464496949847522,25.930522250719967,78.67494005129598,2019-03-22 04:00:00,107
3,22,5,30.781928468864674,25.752084389521468,78.35375190113865,2019-03-22 05:00:00,107
3,22,6,31.061470639939266,25.753082181135888,78.35554792604464,2019-03-22 06:00:00,108
3,22,7,31.12768996580788,25.64389540223064,78.15901172401517,2019-03-22 07:00:00,108
3,22,8,31.682689434444153,25.601597633853363,78.08287574093606,2019-03-22 08:00:00,107
3,22,9,32.16039208171742,25.517845991257143,77.93212278426284,2019-03-22 09:00:00,108
3,22,10,32.374693421196156,25.45511798897394,77.81921238015309,2019-03-22 10:00:00,108
3,22,11,32.5028926794719,25.432988875042742,77.77937997507694,2019-03-22 11:00:00,108
3,22,12,32.6926196681855,25.389694932591873,77.70145087866531,2019-03-22 12:00:00,108
3,22,13,32.92390684413334,25.382944934711162,77.68930088248007,2019-03-22 13:00:00,108
3,22,14,33.71880724947587,25.312255396466117,77.562059713639,2019-03-22 14:00:00,108
3,22,15,34.68052778752837,25.394120755378093,77.70941735968056,2019-03-22 15:00:00,108
3,22,16,35.293727789111095,25.591205858334106,78.0641705450014,2019-03-22 16:00:00,108
3,22,17,35.343272167364475,25.781268985472842,78.40628417385112,2019-03-22 17:00:00,108
3,22,18,35.277165891988176,25.977043649279867,78.75867856870374,2019-03-22 18:00:00,108
3,22,19,35.235112561601746,26.21160555571004,79.18089000027813,2019-03-22 19:00:00,107
3,22,20,35.52806732835121,26.307249589560577,79.35304926120905,2019-03-22 20:00:00,108
3,22,21,35.6831726037959,26.25851608837799,79.26532895908039,2019-03-22 21:00:00,108
3,22,22,35.55885945619322,26.448134160711415,79.60664148928055,2019-03-22 22:00:00,108
3,22,23,35.890897017581885,26.278583674861917,79.30145061475146,2019-03-22 23:00:00,106
3,23,0,36.387023119940345,26.110432536227712,78.99877856520985,2019-03-23 00:00:00,107
3,23,1,36.50595408680356,26.10868097058683,78.99562574705627,2019-03-23 01:00:00,108
3,23,2,36.36963605987823,26.060794367567023,78.90942986162062,2019-03-23 02:00:00,107
3,23,3,36.20684810541664,26.004842243817794,78.80871603887199,2019-03-23 03:00:00,107
3,23,4,35.87829115010052,26.011780107511942,78.82120419352147,2019-03-23 04:00:00,107
3,23,5,36.15498645620763,25.895608325151226,78.6120949852722,2019-03-23 05:00:00,107
3,23,6,36.37344477850865,25.88002170172004,78.58403906309606,2019-03-23 06:00:00,108
3,23,7,36.57363091878559,25.864213244117973,78.55558383941235,2019-03-23 07:00:00,107
3,23,8,36.958339763080076,25.77983491998903,78.40370285598027,2019-03-23 08:00:00,108
3,23,9,37.29077886701927,25.70867560167171,78.27561608300908,2019-03-23 09:00:00,108
3,23,10,37.57695205698196,25.660683858498015,78.1892309452964,2019-03-23 10:00:00,108
3,23,11,37.86452424678697,25.64614540152421,78.16306172274355,2019-03-23 11:00:00,108
3,23,12,38.084336797765665,25.627181121764174,78.1289260191755,2019-03-23 12:00:00,108
3,23,13,38.29038545130605,25.60668387545247,78.09203097581442,2019-03-23 13:00:00,108
3,23,14,38.34254412219402,25.600552009245856,78.08099361664253,2019-03-23 14:00:00,108
3,23,15,38.55185710869974,25.64441463283685,78.15994633910634,2019-03-23 15:00:00,108
3,23,16,38.86918984060447,25.743513502821514,78.33832430507873,2019-03-23 16:00:00,108
3,23,17,38.9933277335304,25.86221673658009,78.55199012584417,2019-03-23 17:00:00,107
3,23,18,39.24511099014709,26.085463944909286,78.95383510083671,2019-03-23 18:00:00,108
3,23,19,39.10810792478298,26.064224940588705,78.91560489305968,2019-03-23 19:00:00,108
3,23,20,39.333191454965466,25.970095849263476,78.74617252867425,2019-03-23 20:00:00,108
3,23,21,39.31371850766567,26.194032592140477,79.14925866585283,2019-03-23 21:00:00,108
3,23,22,39.09456920385094,26.3486657981859,79.42759843673464,2019-03-23 22:00:00,107
3,23,23,39.24242070838441,26.337809553011418,79.4080571954206,2019-03-23 23:00:00,106
3,24,0,39.22252915430883,26.449667127263076,79.6094008290735,2019-03-24 00:00:00,108
3,24,1,39.40591118414172,26.431667132914555,79.57700083924618,2019-03-24 01:00:00,108
3,24,2,39.55487040558131,26.406583116324125,79.53184960938343,2019-03-24 02:00:00,106
3,24,3,39.614612033928026,26.448690825833953,79.60764348650113,2019-03-24 03:00:00,107
3,24,4,39.86828624492421,26.36121883933036,79.4501939107946,2019-03-24 04:00:00,107
3,24,5,39.997221784151556,26.284378717620513,79.31188169171689,2019-03-24 05:00:00,108
3,24,6,40.171164097876826,26.222985879753267,79.20137458355586,2019-03-24 06:00:00,108
3,24,7,40.14375490036243,26.2133524998057,79.18403449965025,2019-03-24 07:00:00,107
3,24,8,40.304789779783306,26.15501612087407,79.0790290175733,2019-03-24 08:00:00,108
3,24,9,40.339609331413754,26.153186451118863,79.07573561201394,2019-03-24 09:00:00,108
3,24,10,40.387613396709426,26.14238150945637,79.05628671702144,2019-03-24 10:00:00,108
3,24,11,40.41018110123614,26.12247766955176,79.02045980519316,2019-03-24 11:00:00,108
3,24,12,40.547367873650245,26.09441449154962,78.96994608478927,2019-03-24 12:00:00,108
3,24,13,40.472556710366334,26.147845793455012,79.06612242821903,2019-03-24 13:00:00,108
3,24,14,40.68396113097973,26.11921393431274,79.01458508176295,2019-03-24 14:00:00,108
3,24,15,40.76166921312901,26.123194702293656,79.02175046412856,2019-03-24 15:00:00,108
3,24,16,40.91357803873108,26.150412599673867,79.07074267941296,2019-03-24 16:00:00,107
3,24,17,40.834501992797534,26.21710126621624,79.19078227918925,2019-03-24 17:00:00,108
3,24,18,40.7657248995405,26.339639689281107,79.41135144070601,2019-03-24 18:00:00,108
3,24,19,40.760849597059796,26.530766002899206,79.75537880521861,2019-03-24 19:00:00,108
3,24,20,40.87187931181643,26.48833744479201,79.67900740062562,2019-03-24 20:00:00,108
3,24,21,40.98615922822692,26.58716433684008,79.85689580631214,2019-03-24 21:00:00,108
3,24,22,40.82166712815492,27.036138450192027,80.6650492103456,2019-03-24 22:00:00,105
3,24,23,40.28452547903732,27.282315217483447,81.10816739147022,2019-03-24 23:00:00,108
3,25,0,41.08079662159908,26.91321643227113,80.44378957808804,2019-03-25 00:00:00,108
3,25,1,41.52266714933945,26.902596814572227,80.42467426622999,2019-03-25 01:00:00,107
3,25,2,41.814684689432134,27.08406569440785,80.75131824993414,2019-03-25 02:00:00,106
3,25,3,41.80036300513079,27.150603720375596,80.8710866966761,2019-03-25 03:00:00,108
3,25,4,41.83112700241808,27.04552179794059,80.68193923629308,2019-03-25 04:00:00,107
3,25,5,42.16349531773124,26.9396230173868,80.49132143129619,2019-03-25 05:00:00,108
3,25,6,42.47203837385911,26.89046918666588,80.40284453599855,2019-03-25 06:00:00,108
3,25,7,42.59105227963493,26.833180743114365,80.29972533760586,2019-03-25 07:00:00,108
3,25,8,42.75592229135259,26.739471981327476,80.13104956638948,2019-03-25 08:00:00,108
3,25,9,42.79752487252145,26.687548920706778,80.03758805727222,2019-03-25 09:00:00,108
3,25,10,42.76240856334868,26.656667062270934,79.9820007120877,2019-03-25 10:00:00,108
3,25,11,42.744913999664234,26.67234288152501,80.010217186745,2019-03-25 11:00:00,108
3,25,12,42.76656316894093,26.657013216008416,79.98262378881516,2019-03-25 12:00:00,108
3,25,13,42.82160462738273,26.724191766344816,80.10354517942068,2019-03-25 13:00:00,108
3,25,14,42.954806369943036,26.71064232004949,80.07915617608913,2019-03-25 14:00:00,108
3,25,15,42.444962780951656,26.6487055263091,79.96766994735636,2019-03-25 15:00:00,108
3,25,16,41.90084640322492,26.59693151052195,79.8744767189395,2019-03-25 16:00:00,107
3,25,17,41.65319952677064,26.753342856093287,80.15601714096792,2019-03-25 17:00:00,108
3,25,18,41.360463993452534,26.816971597541176,80.2705488755741,2019-03-25 18:00:00,107
3,25,19,41.4253745221497,26.827493931713043,80.28948907708349,2019-03-25 19:00:00,108
3,25,20,40.81750202501695,26.899666985975827,80.41940057475648,2019-03-25 20:00:00,108
3,25,21,40.11202749200266,27.14956432613425,80.86921578704167,2019-03-25 21:00:00,106
3,25,22,39.65084101879901,27.31797020782932,81.17234637409274,2019-03-25 22:00:00,107
3,25,23,38.58336993343023,27.691567836242445,81.84482210523637,2019-03-25 23:00:00,108
3,26,0,38.31316420102748,27.184778198708113,80.93260075767463,2019-03-26 00:00:00,107
3,26,1,38.61061272484614,27.054306431107314,80.69775157599315,2019-03-26 01:00:00,107
3,26,2,38.67134619633456,27.07858895403684,80.74146011726634,2019-03-26 02:00:00,107
3,26,3,38.56979093165686,27.131421534758136,80.83655876256465,2019-03-26 03:00:00,107
3,26,4,38.75832970158627,27.041565293072125,80.67481752752985,2019-03-26 04:00:00,108
3,26,5,39.18957493580145,26.943084554761523,80.49755219857073,2019-03-26 05:00:00,108
3,26,6,39.69245178820442,26.90940874115894,80.43693573408612,2019-03-26 06:00:00,108
3,26,7,39.59580774859379,26.792507678961474,80.2265138221307,2019-03-26 07:00:00,108
3,26,8,39.54842546100579,26.72552693076078,80.1059484753694,2019-03-26 08:00:00,108
3,26,9,39.37233518792667,26.63152146577034,79.9367386383866,2019-03-26 09:00:00,108
3,26,10,39.406971032507094,26.48784293945276,79.67811729101497,2019-03-26 10:00:00,108
3,26,11,39.48087779185256,26.406175382676484,79.53111568881766,2019-03-26 11:00:00,108
3,26,12,39.48383123596406,26.384862202555034,79.49275196459905,2019-03-26 12:00:00,108
3,26,13,39.69900871675822,26.246202905430792,79.24316522977549,2019-03-26 13:00:00,108
3,26,14,39.65005785358944,26.197667206383926,79.15580097149106,2019-03-26 14:00:00,108
3,26,15,39.460111103171144,26.306589401824944,79.35186092328493,2019-03-26 15:00:00,107
3,26,16,39.96135651546726,26.231664448457007,79.21699600722258,2019-03-26 16:00:00,108
3,26,17,39.49926408091558,26.50878570272431,79.71581426490378,2019-03-26 17:00:00,107
3,26,18,39.33032279872323,26.725798908697357,80.10643803565523,2019-03-26 18:00:00,108
3,26,19,39.08166824089476,26.862851063469062,80.35313191424426,2019-03-26 19:00:00,108
3,26,20,38.78204204234758,26.983856519982243,80.57094173596805,2019-03-26 20:00:00,108
3,26,21,38.28830734100639,27.180387070522105,80.92469672693983,2019-03-26 21:00:00,105
3,26,22,37.72451121206519,27.200425133304535,80.96076523994813,2019-03-26 22:00:00,108
3,26,23,37.34937335980046,27.56900607437418,81.62421093387353,2019-03-26 23:00:00,107
3,27,0,37.83780854008459,27.044298937073656,80.67973808673257,2019-03-27 00:00:00,107
3,27,1,38.33565755108323,27.01075761043718,80.61936369878694,2019-03-27 01:00:00,107
3,27,2,38.852177326332296,27.025631591594426,80.64613686486997,2019-03-27 02:00:00,107
3,27,3,39.057984162756526,26.987021354153427,80.57663843747618,2019-03-27 03:00:00,108
3,27,4,38.90424962453104,27.065301549355873,80.71754278884057,2019-03-27 04:00:00,108
3,27,5,38.79108608173211,27.13134273741202,80.83641692734165,2019-03-27 05:00:00,108
3,27,6,39.09725507752155,26.93710104015665,80.48678187228197,2019-03-27 06:00:00,108
3,27,7,39.15061490989027,26.782889550113172,80.20920119020371,2019-03-27 07:00:00,108
3,27,8,39.17876448247463,26.793645041241753,80.22856107423513,2019-03-27 08:00:00,108
3,27,9,39.26828634106993,26.742908793435213,80.13723582818342,2019-03-27 09:00:00,108
3,27,10,39.355617846376816,26.664678048766707,79.99642048778007,2019-03-27 10:00:00,108
3,27,11,39.66442939742392,26.59203521443166,79.86566338597696,2019-03-27 11:00:00,108
3,27,12,39.82127282418784,26.554378632848152,79.79788153912669,2019-03-27 12:00:00,108
3,27,13,40.03410450726658,26.471722065393383,79.64909971770811,2019-03-27 13:00:00,108
3,27,14,40.020248294064096,26.383704505475773,79.4906681098564,2019-03-27 14:00:00,107
3,27,15,40.32365508068696,26.377147919262825,79.47886625467306,2019-03-27 15:00:00,108
3,27,16,40.09734212640063,26.47038690097741,79.64669642175934,2019-03-27 16:00:00,108
3,27,17,39.67103796469556,26.60124895807263,79.88224812453073,2019-03-27 17:00:00,107
3,27,18,39.51449618200223,26.67113134344384,80.00803641819893,2019-03-27 18:00:00,108
3,27,19,39.46274731914888,26.742167035426366,80.13590066376744,2019-03-27 19:00:00,108
3,27,20,39.40662057598096,26.89112687876707,80.40402838178075,2019-03-27 20:00:00,105
3,27,21,38.98081307044572,27.06386748387206,80.71496147096968,2019-03-27 21:00:00,108
3,27,22,38.58396873124812,27.19583385919917,80.95250094655852,2019-03-27 22:00:00,107
3,27,23,38.156618456284235,27.438133849879485,81.3886409297831,2019-03-27 23:00:00,108
3,28,0,38.58167232708899,27.122262556428076,80.82007260157053,2019-03-28 00:00:00,107
3,28,1,38.800643734860294,27.188821126472334,80.9398780276502,2019-03-28 01:00:00,107
3,28,2,39.35169515277577,27.08153380265519,80.74676084477936,2019-03-28 02:00:00,107
3,28,3,39.92113880282921,27.157551520391987,80.88359273670552,2019-03-28 03:00:00,108
3,28,4,39.796811523915,27.20361469274263,80.96650644693673,2019-03-28 04:00:00,108
3,28,5,40.01198900470913,27.143458118223517,80.85822461280235,2019-03-28 05:00:00,108
3,28,6,40.13401287984257,27.007048820392832,80.61268787670714,2019-03-28 06:00:00,108
3,28,7,40.23729863587624,26.86082359157815,80.34948246484073,2019-03-28 07:00:00,108
3,28,8,40.127865759323406,26.751809889541644,80.15325780117493,2019-03-28 08:00:00,108
3,28,9,40.00513531861302,26.67622474843807,80.0172045471886,2019-03-28 09:00:00,108
3,28,10,39.99486185512465,26.635378607416463,79.94368149334956,2019-03-28 10:00:00,108
3,28,11,40.18122559169215,26.576458296245434,79.83762493324176,2019-03-28 11:00:00,108
3,28,12,40.140824172004066,26.5627357730814,79.8129243915465,2019-03-28 12:00:00,108
3,28,13,40.30676816339866,26.48363964406918,79.67055135932456,2019-03-28 13:00:00,108
3,28,14,40.220891258701904,26.437934641473603,79.5882823546525,2019-03-28 14:00:00,107
3,28,15,40.60017658486899,26.51237040427932,79.72226672770275,2019-03-28 15:00:00,108
3,28,16,40.31236231381117,26.857625482281357,80.34372586810646,2019-03-28 16:00:00,107
3,28,17,40.246611170179996,26.819606571552104,80.27529182879381,2019-03-28 17:00:00,108
3,28,18,40.100776035104445,26.798960973638625,80.23812975254954,2019-03-28 18:00:00,108
3,28,19,40.29825949884557,26.83095546908777,80.29571984435799,2019-03-28 19:00:00,105
3,28,20,39.95142220345583,26.93660653481743,80.48589176267133,2019-03-28 20:00:00,108
3,28,21,39.793165645538075,26.911782366787317,80.4412082602172,2019-03-28 21:00:00,108
3,28,22,39.9163823618474,26.86843157933016,80.3631768427943,2019-03-28 22:00:00,107
3,28,23,39.927051369990494,26.83281887612312,80.2990739770216,2019-03-28 23:00:00,107
3,29,0,40.12114744326778,26.71714622064687,80.09086319716441,2019-03-29 00:00:00,107
3,29,1,40.264808205323085,26.63456567761111,79.94221821970001,2019-03-29 01:00:00,107
3,29,2,41.199231143601814,26.778265925191228,80.2008786653442,2019-03-29 02:00:00,108
3,29,3,40.8273656804707,27.06040594649734,80.70873070369522,2019-03-29 03:00:00,108
3,29,4,40.94328482901961,26.952702683609843,80.5148648304977,2019-03-29 04:00:00,108
3,29,5,40.96301213992714,26.915219178895086,80.44739452201117,2019-03-29 05:00:00,108
3,29,6,41.26896916604349,26.82549118508911,80.28588413316038,2019-03-29 06:00:00,108
3,29,7,41.547539710398546,26.742488463896862,80.13647923501439,2019-03-29 07:00:00,108
3,29,8,41.59610902815579,26.724785172751904,80.10461331095345,2019-03-29 08:00:00,108
3,29,9,41.65011890085528,26.66257640107491,79.99263752193482,2019-03-29 09:00:00,108
3,29,10,41.73165656843144,26.58291159092259,79.84924086366067,2019-03-29 10:00:00,108
3,29,11,41.69321940104719,26.636639596031504,79.94595127285676,2019-03-29 11:00:00,108
3,29,12,41.888104318472294,26.642276956898915,79.95609852241806,2019-03-29 12:00:00,108
3,29,13,42.166601696971355,26.632544213728988,79.93857958471217,2019-03-29 13:00:00,107
3,29,14,42.12217536279317,26.63612036542533,79.94501665776559,2019-03-29 14:00:00,108
3,29,15,41.98850913590875,26.64759288929581,79.96566720073247,2019-03-29 15:00:00,107
3,29,16,41.81097562009608,26.625043445826236,79.92507820248723,2019-03-29 16:00:00,108
3,29,17,41.74341381963133,26.656395084334367,79.9815111518018,2019-03-29 17:00:00,108
3,29,18,41.54081320610629,26.752749449686217,80.1549490094352,2019-03-29 18:00:00,108
3,29,19,41.56381292501436,26.674550494646642,80.01419089036392,2019-03-29 19:00:00,105
3,29,20,41.354774489704205,26.71625495564993,80.08925892016993,2019-03-29 20:00:00,108
3,29,21,41.61169477775859,26.73273529705207,80.11892353469372,2019-03-29 21:00:00,104
3,29,22,42.17159583175696,27.078049897001602,80.74048981460291,2019-03-29 22:00:00,95
3,29,23,41.459848972277314,27.443631968453992,81.39853754321715,2019-03-29 23:00:00,95
3,30,0,41.760410366147056,27.008227825227976,80.61481008541034,2019-03-30 00:00:00,95
3,30,1,40.967341620499674,26.64898368556244,79.96817063401237,2019-03-30 01:00:00,96
3,30,2,41.14724028203836,26.468986832735684,79.64417629892426,2019-03-30 02:00:00,96
3,30,3,41.31955572852281,26.554743330535846,79.79853799496455,2019-03-30 03:00:00,96
3,30,4,41.55612978139991,26.54920796139467,79.78857433051044,2019-03-30 04:00:00,96
3,30,5,42.23041590993492,26.585563375804284,79.85401407644774,2019-03-30 05:00:00,96
3,30,6,42.317726218274494,26.75162445003941,80.15292401007098,2019-03-30 06:00:00,96
3,30,7,42.407850424024154,26.855127508201715,80.33922951476309,2019-03-30 07:00:00,96
3,30,8,42.70758614023575,26.844251481396697,80.31965266651407,2019-03-30 08:00:00,96
3,30,9,42.72351566116733,26.877658407721075,80.37978513389788,2019-03-30 09:00:00,96
3,30,10,42.921346957048165,26.858465419241636,80.34523775463491,2019-03-30 10:00:00,96
3,30,11,42.782543915876865,26.85012064164187,80.33021715495535,2019-03-30 11:00:00,96
3,30,12,42.41753598776484,26.692763609642107,80.04697449735579,2019-03-30 12:00:00,95
3,30,13,42.68822271060035,26.793376153963536,80.22807707713436,2019-03-30 13:00:00,96
3,30,14,42.71497858258422,26.802611041173915,80.24469987411304,2019-03-30 14:00:00,96
3,30,15,42.63537833641381,26.836820822943128,80.30627748129766,2019-03-30 15:00:00,95
3,30,16,42.57197854188605,26.8398843811195,80.31179188601511,2019-03-30 16:00:00,96
3,30,17,42.11226401416297,26.840079092596813,80.3121423666743,2019-03-30 17:00:00,96
3,30,18,41.54639868215839,26.662762629681403,79.99297273342653,2019-03-30 18:00:00,94
3,30,19,41.04560612304076,26.64745380966913,79.96541685740445,2019-03-30 19:00:00,96
3,30,20,40.724357939397734,26.582043343653243,79.84767801857583,2019-03-30 20:00:00,95
3,30,21,39.78620420819151,26.647592889295794,79.96566720073245,2019-03-30 21:00:00,96
3,30,22,39.07908592964946,26.565824609589885,79.81848429726176,2019-03-30 22:00:00,95
3,30,23,38.337184933856086,26.62859139150232,79.93146450470421,2019-03-30 23:00:00,95
3,31,0,38.608379379840116,26.543337629952664,79.7780077339148,2019-03-31 00:00:00,95
3,31,1,37.72547744049164,26.574131030492598,79.83343585488667,2019-03-31 01:00:00,96
3,31,2,37.206543885353234,26.39235395844459,79.50623712520027,2019-03-31 02:00:00,96
3,31,3,36.879368694962075,26.229018844892053,79.21223392080572,2019-03-31 03:00:00,96
3,31,4,36.18050468283401,26.217002365148392,79.19060425726711,2019-03-31 04:00:00,96
3,31,5,35.7994679985145,26.06412603952086,78.91542687113757,2019-03-31 05:00:00,96
3,31,6,35.17080834210888,26.048298778006654,78.88693780041199,2019-03-31 06:00:00,96
3,31,7,34.8304380395688,26.0791188232751,78.94241388189515,2019-03-31 07:00:00,96
3,31,8,34.412725302565505,26.135112280969476,79.04320210574501,2019-03-31 08:00:00,96
3,31,9,34.21066521170684,26.130494837364253,79.03489070725568,2019-03-31 09:00:00,96
3,31,10,33.89859286052225,26.12092615904987,79.01766708628979,2019-03-31 10:00:00,96
3,31,11,33.63567627652377,26.070746229750014,78.92734321355005,2019-03-31 11:00:00,96
3,31,12,33.2745994375619,26.021920789614235,78.8394574213056,2019-03-31 12:00:00,95
3,31,13,33.23063402672853,25.999120222018764,78.79841639963378,2019-03-31 13:00:00,96
3,31,14,32.73863657357763,26.337103917954646,79.40678705231835,2019-03-31 14:00:00,95
3,31,15,32.719363175271795,26.313607073828237,79.36449273289084,2019-03-31 15:00:00,96
3,31,16,32.416368425336664,26.37179798962386,79.46923638132297,2019-03-31 16:00:00,96
3,31,17,32.0945718538368,26.422245244606145,79.56004144029104,2019-03-31 17:00:00,95
3,31,18,31.969376763643456,26.454345408038282,79.6178217344689,2019-03-31 18:00:00,95
3,31,19,31.06925163244423,26.32150583745283,79.3787105074151,2019-03-31 19:00:00,87
3,31,20,29.941176598838794,26.341649500267025,79.41496910048062,2019-03-31 20:00:00,84
3,31,21,29.703528313939913,26.475897103329014,79.65661478599225,2019-03-31 21:00:00,84
3,31,22,29.338801108927267,26.815405361432,80.26772965057758,2019-03-31 22:00:00,83
3,31,23,28.90999922955409,27.246357827740336,81.04344408993262,2019-03-31 23:00:00,83
4,1,0,29.1378781569249,26.592088197146566,79.86575875486383,2019-04-01 00:00:00,84
4,1,1,29.435174707827066,26.406977187762262,79.53255893797207,2019-04-01 01:00:00,84
4,1,2,29.44961892697801,26.556769919381498,79.80218585488673,2019-04-01 02:00:00,84
4,1,3,29.6464781905009,26.419057246763817,79.55430304417483,2019-04-01 03:00:00,84
4,1,4,29.816556599899865,26.514203606215514,79.72556649118793,2019-04-01 04:00:00,84
4,1,5,29.908636225883612,26.73329772894891,80.11993591210805,2019-04-01 05:00:00,84
4,1,6,29.644443281639376,26.800183108262747,80.24032959487296,2019-04-01 06:00:00,84
4,1,7,29.697950483399858,26.712984156048936,80.0833714808881,2019-04-01 07:00:00,84
4,1,8,29.742627634207697,26.605980264998347,79.89076447699702,2019-04-01 08:00:00,84
4,1,9,29.626110933056566,26.588495969075044,79.85929274433514,2019-04-01 09:00:00,84
4,1,10,29.662739292563938,26.597714961470967,79.87588693064772,2019-04-01 10:00:00,84
4,1,11,30.154278576694036,26.600653012599732,79.88117542267953,2019-04-01 11:00:00,83
4,1,12,30.727323666062727,26.62734289565372,79.92921721217674,2019-04-01 12:00:00,84
4,1,13,30.46981685093494,26.59215177640446,79.86587319752805,2019-04-01 13:00:00,84
4,1,14,30.677666942666516,26.663904416016077,79.99502794882895,2019-04-01 14:00:00,83
4,1,15,30.563113788469774,26.720836194399936,80.0975051499199,2019-04-01 15:00:00,84
4,1,16,30.819058084293196,26.528445359985756,79.75120164797437,2019-04-01 16:00:00,84
4,1,17,31.057238139800475,26.356168831773005,79.44110389719137,2019-04-01 17:00:00,82
4,1,18,30.65942675163866,26.354810406652923,79.4386587319753,2019-04-01 18:00:00,84
4,1,19,30.36781529303882,26.323453576264324,79.38221643727576,2019-04-01 19:00:00,83
4,1,20,30.183784974087622,26.500247959105824,79.70044632639046,2019-04-01 20:00:00,84
4,1,21,29.903712473191906,26.768202741537607,80.18276493476766,2019-04-01 21:00:00,84
4,1,22,29.53965029110535,27.04328414596817,80.67791146274276,2019-04-01 22:00:00,83
4,1,23,28.98805514627532,27.662189154879997,81.79194047878394,2019-04-01 23:00:00,83
4,2,0,29.233700561707526,27.40974924340682,81.3375486381323,2019-04-02 00:00:00,84
4,2,1,30.304771207202425,26.494525825894566,79.6901464866102,2019-04-02 01:00:00,84
4,2,2,31.10234646794328,26.010306197706054,78.81855115587094,2019-04-02 02:00:00,84
4,2,3,31.330165416287848,26.087205310139634,78.95696955825127,2019-04-02 03:00:00,84
4,2,4,31.843198644169302,26.133332061748177,79.03999771114674,2019-04-02 04:00:00,84
4,2,5,32.069709436817185,25.94605935759517,78.7029068436713,2019-04-02 05:00:00,84
4,2,6,31.570920570966358,25.943166501360587,78.69769970244909,2019-04-02 06:00:00,84
4,2,7,31.510509214140008,25.90072734671042,78.62130922407873,2019-04-02 07:00:00,84
4,2,8,31.367066308231994,26.018603290862394,78.83348592355232,2019-04-02 08:00:00,84
4,2,9,31.14567912539616,26.211534548968746,79.18076218814375,2019-04-02 09:00:00,84
4,2,10,30.881642039059596,26.21191104541764,79.1814398817518,2019-04-02 10:00:00,83
4,2,11,30.94062571993985,26.274001169858355,79.29320210574504,2019-04-02 11:00:00,84
4,2,12,30.960974808555047,26.3121487246001,79.36186770428014,2019-04-02 12:00:00,84
4,2,13,30.80389871375985,26.379948726009548,79.4839077068172,2019-04-02 13:00:00,83
4,2,14,31.009721777085918,26.138323033493553,79.04898146028842,2019-04-02 14:00:00,84
4,2,15,31.03444955351918,25.834096284428174,78.50137331197074,2019-04-02 15:00:00,84
4,2,16,30.749021197778323,25.695446508835293,78.25180371590359,2019-04-02 16:00:00,69
4,2,17,31.218019704298424,25.511707419893362,77.92107335580803,2019-04-02 17:00:00,59
4,2,18,31.242981827832736,25.70949279269843,78.27708702685719,2019-04-02 18:00:00,59
4,2,19,31.146689886047778,25.726610529528216,78.30789895315075,2019-04-02 19:00:00,57
4,2,20,30.961233714370024,25.75420099946594,78.35756179903869,2019-04-02 20:00:00,48
4,2,21,30.858418726443634,25.908025433867564,78.63444578096161,2019-04-02 21:00:00,47
4,2,22,32.204976369620844,25.348428462031876,77.62717123165739,2019-04-02 22:00:00,54
4,2,23,32.24249500175512,25.311805396607404,77.56124971389335,2019-04-02 23:00:00,60
4,3,0,32.18348264477105,25.21861092037334,77.39349965667202,2019-04-03 00:00:00,60
4,3,1,32.38898300342374,25.13489611149259,77.24281300068665,2019-04-03 01:00:00,60
4,3,2,32.790852067213045,25.17219170417843,77.30994506752118,2019-04-03 02:00:00,60
4,3,3,33.47173257227743,25.164269728643713,77.2956855115587,2019-04-03 03:00:00,60
4,3,4,34.286611825872846,25.232674652221444,77.41881437399863,2019-04-03 04:00:00,60
4,3,5,35.07132355559626,25.25830980900792,77.46495765621425,2019-04-03 05:00:00,60
4,3,6,36.01330830395434,25.26062409399557,77.469123369192,2019-04-03 06:00:00,60
4,3,7,36.49835426745824,25.31630045014115,77.56934081025405,2019-04-03 07:00:00,60
4,3,8,37.63342643041376,25.17877851529717,77.32180132753489,2019-04-03 08:00:00,60
4,3,9,37.813388682854374,25.09969227639175,77.17944609750515,2019-04-03 09:00:00,60
4,3,10,38.089246015394096,25.086251621271085,77.15525291828794,2019-04-03 10:00:00,60
4,3,11,38.286733920404544,25.080554919762974,77.14499885557332,2019-04-03 11:00:00,60
4,3,12,38.71741763857275,25.003937603531817,77.0070876863573,2019-04-03 12:00:00,59
4,3,13,39.17250431146314,24.97672363368175,76.95810254062712,2019-04-03 13:00:00,60
4,3,14,39.0563873245527,25.01628900587473,77.02932021057453,2019-04-03 14:00:00,60
4,3,15,38.999638803677065,25.066402176953787,77.11952391851679,2019-04-03 15:00:00,60
4,3,16,39.594325397964795,25.02697484718347,77.04855472493024,2019-04-03 16:00:00,59
4,3,17,39.621305185370296,25.09083644009605,77.16350559217285,2019-04-03 17:00:00,59
4,3,18,39.457315242993566,25.123235675593193,77.22182421606779,2019-04-03 18:00:00,60
4,3,19,39.658890641842156,25.161034406508094,77.28986193171461,2019-04-03 19:00:00,59
4,3,20,39.90543364640753,25.129126239957174,77.23242723192288,2019-04-03 20:00:00,59
4,3,21,40.300886711536414,25.205793341980108,77.37042801556416,2019-04-03 21:00:00,60
4,3,22,40.33792205281607,25.21073345031917,77.3793202105745,2019-04-03 22:00:00,60
4,3,23,40.73302504464083,25.206460924188093,77.37162966353858,2019-04-03 23:00:00,60
4,4,0,41.618998926585554,25.256084534981312,77.46095216296638,2019-04-04 00:00:00,60
4,4,1,41.484186214509904,25.28892957961396,77.52007324330513,2019-04-04 01:00:00,60
4,4,2,41.845229919264995,25.278470791688918,77.50124742504009,2019-04-04 02:00:00,60
4,4,3,42.05510533196993,25.441405355916697,77.79452964065005,2019-04-04 03:00:00,60
4,4,4,41.81111975947378,25.611416291549048,78.10054932478828,2019-04-04 04:00:00,60
4,4,5,41.82098906745213,25.619427278044803,78.11496910048068,2019-04-04 05:00:00,60
4,4,6,41.83024790277205,25.681156379542745,78.22608148317694,2019-04-04 06:00:00,60
4,4,7,42.12622539668005,25.61422013682257,78.10559624628063,2019-04-04 07:00:00,60
4,4,8,42.16193804719974,25.592412451361874,78.06634241245136,2019-04-04 08:00:00,60
4,4,9,42.12673412389544,25.54719488314132,77.98495078965439,2019-04-04 09:00:00,60
4,4,10,42.136374504626865,25.516263574171568,77.92927443350882,2019-04-04 10:00:00,60
4,4,11,42.07367215083228,25.5255569219708,77.94600245954744,2019-04-04 11:00:00,59
4,4,12,42.20215293357548,25.437666895552002,77.78780041199362,2019-04-04 12:00:00,60
4,4,13,42.736952418743535,25.214026855878544,77.38524834058138,2019-04-04 13:00:00,60
4,4,14,42.589446962644146,25.19769334452328,77.35584802014192,2019-04-04 14:00:00,60
4,4,15,42.660010445290666,25.2880786951726,77.51854165131066,2019-04-04 15:00:00,59
4,4,16,42.58261492859152,25.376697404543833,77.6780553281789,2019-04-04 16:00:00,59
4,4,17,42.98890650934972,25.413981888003406,77.74516739840612,2019-04-04 17:00:00,66
4,4,18,42.291810750262854,26.07988097962922,78.94378576333256,2019-04-04 18:00:00,95
4,4,19,41.0341756584202,26.494911275145597,79.69084029526209,2019-04-04 19:00:00,96
4,4,20,40.47836958817996,26.727253014660718,80.10905542638928,2019-04-04 20:00:00,95
4,4,21,39.64584318992312,26.91582185727729,80.44847934309911,2019-04-04 21:00:00,96
4,4,22,38.42826819081341,27.450082335138998,81.4101482032502,2019-04-04 22:00:00,96
4,4,23,37.81552215761387,27.484796609953978,81.47263389791715,2019-04-04 23:00:00,96
4,5,0,37.35232602801053,27.277067279570705,81.09872110322728,2019-04-05 00:00:00,96
4,5,1,38.3212288051524,26.931204063986172,80.47616731517506,2019-04-05 01:00:00,96
4,5,2,38.619978360350764,26.930760180377703,80.47536832467982,2019-04-05 02:00:00,95
4,5,3,38.91734280529859,26.89846325587372,80.41723386057268,2019-04-05 03:00:00,95
4,5,4,39.55977290417106,26.945918688487065,80.50265363927672,2019-04-05 04:00:00,96
4,5,5,39.740673122415025,26.78511482413978,80.21320668345159,2019-04-05 05:00:00,96
4,5,6,40.18103727337206,26.567089502194477,79.82076110395008,2019-04-05 06:00:00,95
4,5,7,40.02754757871282,26.614352858523418,79.90583514534218,2019-04-05 07:00:00,96
4,5,8,40.00413022907986,26.633879638106862,79.94098334859235,2019-04-05 08:00:00,96
4,5,9,40.14962621267849,26.63560422547747,79.94408760585945,2019-04-05 09:00:00,96
4,5,10,40.43948944136666,26.53638481981638,79.7654926756695,2019-04-05 10:00:00,96
4,5,11,40.708485650277886,26.364706685459357,79.45647203382688,2019-04-05 11:00:00,95
4,5,12,40.76421638203379,26.337167162584873,79.40690089265277,2019-04-05 12:00:00,96
4,5,13,40.98080699398176,26.263594040080374,79.27446927214467,2019-04-05 13:00:00,96
4,5,14,40.84076393022298,26.375469691767744,79.47584544518197,2019-04-05 14:00:00,96
4,5,15,40.5834754792941,26.569982906648875,79.82596923196799,2019-04-05 15:00:00,94
4,5,16,40.719701654293196,26.718095709145505,80.09257227646187,2019-04-05 16:00:00,87
4,5,17,40.31573716064605,27.523706293644963,81.54267132856094,2019-04-05 17:00:00,87
4,5,18,39.79671260473421,28.229717716667402,82.81349189000134,2019-04-05 18:00:00,89
4,5,19,38.519425748719286,28.992682027415363,84.18682764934762,2019-04-05 19:00:00,84
4,5,20,38.05637496974888,29.3556242211541,84.84012359807737,2019-04-05 20:00:00,84
4,5,21,37.33757975207542,29.867087561353987,85.76075761043714,2019-04-05 21:00:00,84
4,5,22,36.59024130385332,30.2784771496147,86.50125886930645,2019-04-05 22:00:00,84
4,5,23,36.597417991356004,30.232954400956242,86.41931792172122,2019-04-05 23:00:00,84
4,6,0,36.46026150032375,30.144515653213272,86.26012817578389,2019-04-06 00:00:00,84
4,6,1,37.10601758712888,29.599754017213286,85.27955723098393,2019-04-06 01:00:00,83
4,6,2,36.88781038719228,29.679425628085532,85.42296613055399,2019-04-06 02:00:00,82
4,6,3,36.96528227456298,29.601930266269942,85.28347447928589,2019-04-06 03:00:00,84
4,6,4,37.01757260257548,29.575270640814576,85.23548715346622,2019-04-06 04:00:00,83
4,6,5,37.55644146766349,29.275355408051674,84.69563973449303,2019-04-06 05:00:00,84
4,6,6,37.878247112344795,29.10017731718819,84.38031917093875,2019-04-06 06:00:00,83
4,6,7,38.03931443920458,29.02469418376949,84.24444953078506,2019-04-06 07:00:00,84
4,6,8,38.18199425428948,28.949829607588818,84.1096932936599,2019-04-06 08:00:00,84
4,6,9,38.27109419229743,28.901509371582627,84.02271686884868,2019-04-06 09:00:00,84
4,6,10,38.33757393805008,28.887649093359784,83.9977683680476,2019-04-06 10:00:00,84
4,6,11,38.44102725106342,28.879352000203465,83.98283360036622,2019-04-06 11:00:00,84
4,6,12,38.46966132575767,28.876586302484693,83.97785534447243,2019-04-06 12:00:00,84
4,6,13,37.71431042389332,29.228974339411522,84.61215381094073,2019-04-06 13:00:00,84
4,6,14,37.351512179389225,29.317020887394854,84.77063759731072,2019-04-06 14:00:00,83
4,6,15,37.50304327887772,29.173151750972742,84.51167315175097,2019-04-06 15:00:00,84
4,6,16,37.4627629847171,29.153346812136007,84.47602426184484,2019-04-06 16:00:00,84
4,6,17,37.52376844036555,29.058481580246383,84.30526684444347,2019-04-06 17:00:00,83
4,6,18,37.684150167552936,28.941818621093056,84.09527351796748,2019-04-06 18:00:00,84
4,6,19,37.82303269735163,28.850073751939153,83.93013275349047,2019-04-06 19:00:00,84
4,6,20,37.933172139481385,28.784269220009676,83.81168459601739,2019-04-06 20:00:00,84
4,6,21,37.43231202711078,29.131952391851673,84.43751430533305,2019-04-06 21:00:00,84
4,6,22,36.85766829968101,29.609845883878847,85.29772259098196,2019-04-06 22:00:00,84
4,6,23,37.61358243524811,29.403690140128692,84.92664225223163,2019-04-06 23:00:00,84
4,7,0,38.12574596724888,29.30678998897858,84.75222198016144,2019-04-07 00:00:00,83
4,7,1,38.63484168471099,29.01562095845265,84.22811772521479,2019-04-07 01:00:00,82
4,7,2,39.02877070428923,28.79358358129243,83.82845044632639,2019-04-07 02:00:00,84
4,7,3,39.23719234798264,28.707832014714846,83.67409762648671,2019-04-07 03:00:00,83
4,7,4,39.309006724647034,28.683718623636228,83.6306935225452,2019-04-07 04:00:00,84
4,7,5,39.33935457962061,28.691070071083132,83.6439261279497,2019-04-07 05:00:00,83
4,7,6,39.44401929384302,28.650148775463496,83.57026779583433,2019-04-07 06:00:00,84
4,7,7,39.545165165558,28.610952162966367,83.49971389333946,2019-04-07 07:00:00,84
4,7,8,39.72674444379038,28.539775183744062,83.37159533073932,2019-04-07 08:00:00,84
4,7,9,39.79891103305782,28.50893924366115,83.31609063859007,2019-04-07 09:00:00,84
4,7,10,39.8008187601155,28.5176178123649,83.33171206225681,2019-04-07 10:00:00,84
4,7,11,39.878036283878494,28.489642938887624,83.28135728999774,2019-04-07 11:00:00,84
4,7,12,39.98801220654617,28.454197502606743,83.21755550469216,2019-04-07 12:00:00,84
4,7,13,39.697860164618,28.51810997710227,83.33259795878408,2019-04-07 13:00:00,83
4,7,14,39.13487666635418,28.5855204598052,83.45393682764939,2019-04-07 14:00:00,84
4,7,15,40.07776622240245,27.990959029526206,82.38372625314717,2019-04-07 15:00:00,84
4,7,16,40.460767110380985,27.76002614256523,81.9680470566174,2019-04-07 16:00:00,83
4,7,17,39.02777141868759,28.499434144604656,83.29898146028839,2019-04-07 17:00:00,84
4,7,18,38.59945944099599,28.709468223086894,83.67704280155645,2019-04-07 18:00:00,84
4,7,19,38.637722995124214,28.639244932733135,83.55064087891967,2019-04-07 19:00:00,84
4,7,20,38.460213534614894,28.716175834795656,83.68911650263219,2019-04-07 20:00:00,84
4,7,21,38.594880896057575,28.61498944584318,83.50698100251775,2019-04-07 21:00:00,84
4,7,22,39.06063883056695,28.40180819409476,83.12325474937062,2019-04-07 22:00:00,84
4,7,23,39.675762709277656,28.200738790976818,82.76132982375826,2019-04-07 23:00:00,84
4,8,0,39.503909072330934,28.347647970643134,83.0257663471576,2019-04-08 00:00:00,82
4,8,1,39.740721964824644,28.236888961200716,82.82640013016126,2019-04-08 01:00:00,83
4,8,2,39.99206385544008,28.147835103287957,82.66610318591832,2019-04-08 02:00:00,83
4,8,3,40.07356922287557,28.07650492103456,82.53770885786221,2019-04-08 03:00:00,84
4,8,4,40.1566892081857,28.00476338864269,82.40857409955684,2019-04-08 04:00:00,83
4,8,5,40.15222208413911,27.9856501614913,82.37417029068439,2019-04-08 05:00:00,84
4,8,6,40.10229414171541,27.936535184761325,82.28576333257035,2019-04-08 06:00:00,84
4,8,7,39.51157100051381,27.958978662801044,82.32616159304189,2019-04-08 07:00:00,84
4,8,8,39.27054331339847,27.92734798199434,82.26922636758984,2019-04-08 08:00:00,84
4,8,9,39.13040713439046,27.902583861041176,82.22465094987407,2019-04-08 09:00:00,84
4,8,10,39.36560262735806,27.829626662597608,82.09332799267573,2019-04-08 10:00:00,84
4,8,11,39.51629489608519,27.64054194959437,81.75297550926987,2019-04-08 11:00:00,84
4,8,12,39.78926338479473,27.519041987741925,81.53427557793546,2019-04-08 12:00:00,84
4,8,13,40.04057068896436,27.53494637740708,81.56290347933279,2019-04-08 13:00:00,83
4,8,14,40.11793750358832,27.664002695760537,81.79520485236897,2019-04-08 14:00:00,84
4,8,15,39.401505109306804,28.219901809113313,82.79582325640398,2019-04-08 15:00:00,83
4,8,16,38.534905591130126,28.842921085425083,83.9172579537652,2019-04-08 16:00:00,84
4,8,17,38.36927854486575,28.980633758042785,84.165140764477,2019-04-08 17:00:00,84
4,8,18,38.758273176340104,28.86310749980926,83.95359349965668,2019-04-08 18:00:00,84
4,8,19,38.92480866406054,28.972209506370643,84.14997711146714,2019-04-08 19:00:00,84
4,8,20,38.92524471595942,29.110240075277847,84.39843213550012,2019-04-08 20:00:00,84
4,8,21,37.26701201977058,30.02943719640904,86.05298695353625,2019-04-08 21:00:00,84
4,8,22,35.595570584811,30.721592787568987,87.29886701762419,2019-04-08 22:00:00,84
4,8,23,35.168336916182646,30.480319079016915,86.86457434223047,2019-04-08 23:00:00,83
4,9,0,34.1941742296412,30.590333409628435,87.06260013733119,2019-04-09 00:00:00,82
4,9,1,34.615725630331184,29.878500038147575,85.78130006866559,2019-04-09 01:00:00,84
4,9,2,34.52130944914222,29.69791273126379,85.45624291627485,2019-04-09 02:00:00,83
4,9,3,34.719251618660984,29.593823910887313,85.26888303959716,2019-04-09 03:00:00,84
4,9,4,34.95882711285599,29.626392960259437,85.327507328467,2019-04-09 04:00:00,83
4,9,5,35.39683993188871,29.536443630629936,85.16559853513391,2019-04-09 05:00:00,84
4,9,6,36.185675985822506,29.216608173749396,84.58989471274892,2019-04-09 06:00:00,84
4,9,7,36.6605001660631,29.048250298822516,84.28685053788051,2019-04-09 07:00:00,84
4,9,8,36.99920347853134,28.929897510236266,84.0738155184253,2019-04-09 08:00:00,84
4,9,9,37.59802991752079,28.676756694895868,83.61816205081256,2019-04-09 09:00:00,84
4,9,10,37.72343117611193,28.67147961648991,83.60866330968183,2019-04-09 10:00:00,84
4,9,11,37.46448902348359,28.708069479413027,83.67452506294349,2019-04-09 11:00:00,84
4,9,12,37.392277778298755,28.526925279511286,83.3484655031203,2019-04-09 12:00:00,83
4,9,13,37.82103412614835,28.17877215737138,82.7217898832685,2019-04-09 13:00:00,84
4,9,14,37.366268333257025,28.79291599908446,83.82724879835203,2019-04-09 14:00:00,84
4,9,15,37.27237138655809,29.059414586705717,84.30694625607029,2019-04-09 15:00:00,83
4,9,16,37.29797170459227,29.153473970651817,84.47625314717325,2019-04-09 16:00:00,84
4,9,17,37.22863945266765,29.235459423717607,84.62382696269171,2019-04-09 17:00:00,84
4,9,18,37.050712109088565,29.395965260293472,84.91273746852825,2019-04-09 18:00:00,84
4,9,19,37.10818011559735,29.487487602044716,85.07747768368047,2019-04-09 19:00:00,84
4,9,20,36.95857797661744,29.646849011978343,85.36432822156102,2019-04-09 20:00:00,84
4,9,21,35.9725011137492,30.28632918796572,86.51539253833832,2019-04-09 21:00:00,84
4,9,22,34.954561159339065,30.858444076144355,87.54519933705986,2019-04-09 22:00:00,83
4,9,23,34.98918525620269,30.77598560872008,87.39677409569614,2019-04-09 23:00:00,83
4,10,0,34.87429871493667,30.70536667153852,87.26966000876934,2019-04-10 00:00:00,83
4,10,1,35.3906261923294,30.27428551468405,86.4937139264313,2019-04-10 01:00:00,83
4,10,2,35.73303594593828,30.078965438315393,86.1421377889677,2019-04-10 02:00:00,84
4,10,3,36.12821323295105,29.934188573934087,85.88153943308133,2019-04-10 03:00:00,83
4,10,4,36.31838111372016,29.864862287327373,85.75675211718925,2019-04-10 04:00:00,84
4,10,5,36.43978522990473,29.81120139365733,85.66016250858318,2019-04-10 05:00:00,84
4,10,6,36.51674839006003,29.78567432160932,85.6142137788968,2019-04-10 06:00:00,84
4,10,7,36.695638681582544,29.69431092800284,85.44975967040513,2019-04-10 07:00:00,84
4,10,8,37.001420075684074,29.514667734798206,85.12640192263676,2019-04-10 08:00:00,84
4,10,9,37.27780430426829,29.362522570636564,84.8525406271458,2019-04-10 09:00:00,84
4,10,10,37.23863230868403,29.399652857251837,84.91937514305333,2019-04-10 10:00:00,84
4,10,11,36.586298667934116,29.64847028305486,85.36724650949876,2019-04-10 11:00:00,84
4,10,12,36.70510989519178,29.493680834576573,85.08862550223783,2019-04-10 12:00:00,83
4,10,13,36.93285091458251,29.38347193611557,84.89024948500798,2019-04-10 13:00:00,84
4,10,14,37.05793367141015,29.3879615509417,84.89833079169507,2019-04-10 14:00:00,83
4,10,15,36.95725165209164,29.56327407746497,85.21389333943695,2019-04-10 15:00:00,84
4,10,16,36.87997962184126,29.694279138373894,85.44970244907306,2019-04-10 16:00:00,84
4,10,17,36.751780363565544,29.87191958495461,85.76945525291828,2019-04-10 17:00:00,84
4,10,18,36.64998041400221,29.95536736095217,85.91966124971387,2019-04-10 18:00:00,84
4,10,19,36.549452282477326,30.032425421530483,86.05836575875486,2019-04-10 19:00:00,84
4,10,20,36.38242623637067,30.094605935759517,86.17029068436709,2019-04-10 20:00:00,84
4,10,21,35.24622033847801,30.754908318710097,87.3588349736782,2019-04-10 21:00:00,84
4,10,22,34.45786863894004,31.120686767636727,88.01723618174614,2019-04-10 22:00:00,82
4,10,23,34.84302118505614,30.853232109026635,87.53581779624794,2019-04-10 23:00:00,83
4,11,0,34.845306955100455,30.756783906818242,87.36221103227282,2019-04-11 00:00:00,84
4,11,1,35.08877320554596,30.379297000315276,86.6827346005675,2019-04-11 01:00:00,83
4,11,2,34.60764050137247,30.24843595025559,86.44718471046004,2019-04-11 02:00:00,84
4,11,3,34.46371907666377,30.187966330876257,86.33833939557728,2019-04-11 03:00:00,83
4,11,4,34.65175441847754,30.03035909564864,86.05464637216753,2019-04-11 04:00:00,84
4,11,5,34.75480801725021,30.03449174741234,86.0620851453422,2019-04-11 05:00:00,84
4,11,6,35.33421197790959,29.827096208133053,85.68877317463948,2019-04-11 06:00:00,84
4,11,7,36.12528279782528,29.50417715724421,85.1075188830396,2019-04-11 07:00:00,84
4,11,8,36.41987219318843,29.429026474402992,84.97224765392538,2019-04-11 08:00:00,84
4,11,9,36.552413801624006,29.39908064393073,84.9183451590753,2019-04-11 09:00:00,84
4,11,10,36.4460898136096,29.502110831362387,85.10379949645227,2019-04-11 10:00:00,84
4,11,11,35.651621641549944,29.90195159213186,85.82351286583734,2019-04-11 11:00:00,83
4,11,12,35.78323642079881,29.750483202360048,85.55086976424812,2019-04-11 12:00:00,84
4,11,13,36.117107043622504,29.608247593256984,85.29484566786259,2019-04-11 13:00:00,83
4,11,14,36.08691023072234,29.749465934233616,85.54903868162052,2019-04-11 14:00:00,84
4,11,15,35.13210192277084,29.93553063248645,85.88395513847561,2019-04-11 15:00:00,84
4,11,16,33.4948178865582,30.123502708476384,86.22230487525748,2019-04-11 16:00:00,84
4,11,17,31.954337371900674,30.19197756923782,86.34555962462805,2019-04-11 17:00:00,84
4,11,18,30.680884138830194,30.144038808779026,86.2592698558022,2019-04-11 18:00:00,84
4,11,19,29.655035709016744,30.16174563210498,86.291142137789,2019-04-11 19:00:00,84
4,11,20,28.87608349812461,30.19312199588006,86.34761959258414,2019-04-11 20:00:00,84
4,11,21,27.97147106810099,30.314436965072453,86.5659865371304,2019-04-11 21:00:00,83
4,11,22,27.108112846615384,30.49902118957101,86.89823814122784,2019-04-11 22:00:00,82
4,11,23,26.578544211665406,30.399722794435547,86.71950102998397,2019-04-11 23:00:00,84
4,12,0,26.025534306081074,30.393871204663,86.70896816839343,2019-04-12 00:00:00,83
4,12,1,26.967575180798026,30.142576485847247,86.25663767452504,2019-04-12 01:00:00,84
4,12,2,27.498299594605708,29.99917729972303,85.99851913950147,2019-04-12 02:00:00,83
4,12,3,28.30193032908109,29.593442435339895,85.26819638361182,2019-04-12 03:00:00,84
4,12,4,28.911167507156705,29.29274433508812,84.72693980315863,2019-04-12 04:00:00,84
4,12,5,29.127467417838737,29.277739630223042,84.69993133440143,2019-04-12 05:00:00,84
4,12,6,29.335991069657098,29.239592075481294,84.63126573586628,2019-04-12 06:00:00,84
4,12,7,29.391969232178006,29.19460975051499,84.55029755092698,2019-04-12 07:00:00,84
4,12,8,29.281284725174665,29.20757991912719,84.57364385442894,2019-04-12 08:00:00,84
4,12,9,29.230793549048197,29.197693344523277,84.5558480201419,2019-04-12 09:00:00,84
4,12,10,29.458008766902225,29.00941830953937,84.21695295717088,2019-04-12 10:00:00,83
4,12,11,29.38908038834781,28.933076473131408,84.07953765163651,2019-04-12 11:00:00,84
4,12,12,29.24259650202844,28.830667140983245,83.89520085376986,2019-04-12 12:00:00,83
4,12,13,29.418295865573924,28.618104829480423,83.51258869306479,2019-04-12 13:00:00,28
4,12,14,31.219472219844473,26.54315981171694,79.77768766109048,2019-04-12 14:00:00,46
4,12,15,27.847146367360647,27.966989649296817,82.34058136873423,2019-04-12 15:00:00,84
4,12,16,27.566092749692398,28.14717326619364,82.66491187914855,2019-04-12 16:00:00,84
4,12,17,27.68064721729848,28.150892652780943,82.67160677500571,2019-04-12 17:00:00,84
4,12,18,28.525098057170766,28.08155947203784,82.54680704966812,2019-04-12 18:00:00,2
4,13,14,42.972066757607706,26.077668421454195,78.93980315861755,2019-04-13 14:00:00,63
4,13,15,38.01131627352954,28.337116299178565,83.00680933852142,2019-04-13 15:00:00,84
4,13,16,37.696777503791814,28.327070776429906,82.98872739757385,2019-04-13 16:00:00,84
4,13,17,37.84743343486076,28.08607359934895,82.55493247882814,2019-04-13 17:00:00,84
4,13,18,37.21007090930629,28.60815467561863,83.49467841611356,2019-04-13 18:00:00,84
4,13,19,37.524282640119814,28.4873540856031,83.2772373540856,2019-04-13 19:00:00,84
4,13,20,37.55702287019535,28.40088629485516,83.1215953307393,2019-04-13 20:00:00,84
4,13,21,36.82103994017368,28.51863508049135,83.3335431448844,2019-04-13 21:00:00,84
4,13,22,33.98484937677282,29.877578138907978,85.77964065003435,2019-04-13 22:00:00,84
4,13,23,33.352846655808975,29.67609547061365,85.41697184710459,2019-04-13 23:00:00,84
4,14,0,32.12376170345128,29.773212787060352,85.59178301670863,2019-04-14 00:00:00,84
4,14,1,31.904645624255522,29.138882530963095,84.44998855573357,2019-04-14 01:00:00,84
4,14,2,31.33685154540428,28.782043945983084,83.80767910276954,2019-04-14 02:00:00,84
4,14,3,30.84258671800451,28.3072976272221,82.95313572899981,2019-04-14 03:00:00,84
4,14,4,30.038743211217003,28.16484829989063,82.69672693980314,2019-04-14 04:00:00,84
4,14,5,30.1161242544421,27.60592304366624,81.69066147859922,2019-04-14 05:00:00,84
4,14,6,30.257713939779787,27.07303349355305,80.73146028839555,2019-04-14 06:00:00,84
4,14,7,30.240671578064568,26.753865618880507,80.15695811398489,2019-04-14 07:00:00,84
4,14,8,30.01574147355018,26.748715698990363,80.14768825818263,2019-04-14 08:00:00,84
4,14,9,29.830056039936537,26.782253757534146,80.20805676356144,2019-04-14 09:00:00,84
4,14,10,29.691091413947,26.772603839056877,80.1906869103024,2019-04-14 10:00:00,81
4,14,11,29.775528100221944,26.67751344126794,80.01952419428224,2019-04-14 11:00:00,83
4,14,12,29.708293930526334,26.682702768382175,80.02886498308791,2019-04-14 12:00:00,81
4,14,13,30.098300633074693,26.68354695963988,80.03038452735179,2019-04-14 13:00:00,84
4,14,14,30.408515221481654,26.626357417156232,79.9274433508812,2019-04-14 14:00:00,84
4,14,15,30.27951653472464,26.710536354619656,80.07896543831541,2019-04-14 15:00:00,84
4,14,16,30.158166925027416,26.735999847409776,80.12479972533761,2019-04-14 16:00:00,84
4,14,17,30.072628077527135,26.758284377304758,80.1649118791485,2019-04-14 17:00:00,84
4,14,18,30.04123234080653,26.723697261005572,80.10265506981003,2019-04-14 18:00:00,84
4,14,19,29.804910380433473,26.810578316929885,80.25904097047379,2019-04-14 19:00:00,84
4,14,20,28.56686819531928,27.346996515856652,81.224593728542,2019-04-14 20:00:00,84
4,14,21,27.30693257111462,28.205093970143178,82.7691691462577,2019-04-14 21:00:00,84
4,14,22,25.93800214101482,29.451819638361172,85.0132753490501,2019-04-14 22:00:00,84
4,14,23,25.764289965791725,29.585558607359935,85.25400549324789,2019-04-14 23:00:00,84
