Month,Day,Hour,Relative Humidity,Temperature(C),Temperature(F),Date
3,11,0,37.544322858639966,27.946485338623123,82.30367360952164,2019-03-11 00:00:00
3,11,1,37.877793548321456,27.84189745937285,82.11541542687114,2019-03-11 01:00:00
3,11,2,38.03575334869689,27.879727117825084,82.18350881208517,2019-03-11 02:00:00
3,11,3,38.01871098698167,28.04840288904148,82.48712520027468,2019-03-11 03:00:00
3,11,4,38.340862496120955,27.971185880318405,82.34813458457315,2019-03-11 04:00:00
3,11,5,38.34594976827476,28.018139162279695,82.43265049210345,2019-03-11 05:00:00
3,11,6,38.21469814670675,28.06731771826759,82.52117189288167,2019-03-11 06:00:00
3,11,7,37.98271853649355,28.129402863609773,82.63292515449761,2019-03-11 07:00:00
3,11,8,37.40836551032971,28.20684239973551,82.77231631952391,2019-03-11 08:00:00
3,11,9,36.79980057893157,28.27916380560006,82.90249485008012,2019-03-11 09:00:00
3,11,10,36.24338018710988,28.353042903283235,83.03547722590982,2019-03-11 10:00:00
3,11,11,35.788959601971825,28.35905114315506,83.04629205767911,2019-03-11 11:00:00
3,11,12,35.90914640660531,28.043062231377633,82.47751201647976,2019-03-11 12:00:00
3,11,13,35.77598705797964,28.025482566567476,82.44586861982147,2019-03-11 13:00:00
3,11,14,35.74228387996073,28.161224282190176,82.69020370794233,2019-03-11 14:00:00
3,11,15,36.33215308619365,28.30542203911396,82.94975967040513,2019-03-11 15:00:00
3,11,16,36.90205474922292,28.340136313928948,83.0122453650721,2019-03-11 16:00:00
3,11,17,37.47984168409058,27.95182599628697,82.31328679331656,2019-03-11 17:00:00
3,11,18,37.200677624650886,28.200389105058367,82.76070038910505,2019-03-11 18:00:00
3,11,19,37.87639454847916,28.266257216245773,82.87926298924239,2019-03-11 19:00:00
3,11,20,37.75735238008027,28.369954985885403,83.06591897459373,2019-03-11 20:00:00
3,11,21,37.39730069339519,28.709754329747465,83.67755779354543,2019-03-11 21:00:00
3,11,22,37.79422354121315,28.541098788294946,83.37397781893092,2019-03-11 22:00:00
3,11,23,38.189134604133905,28.35504564990718,83.03908216983291,2019-03-11 23:00:00
3,12,0,38.49869511469255,28.19616108440782,82.75308995193409,2019-03-12 00:00:00
3,12,1,38.471223845062035,28.156996261539632,82.68259327077135,2019-03-12 01:00:00
3,12,2,37.7605319251764,28.1638946110221,82.69501029983978,2019-03-12 02:00:00
3,12,3,36.99235382995283,28.374183006535947,83.07352941176471,2019-03-12 03:00:00
3,12,4,36.784665944274025,28.308759950153867,82.95576791027695,2019-03-12 04:00:00
3,12,5,36.603940601010336,28.28761984690114,82.91771572442207,2019-03-12 05:00:00
3,12,6,36.651252232040655,28.19838635843442,82.75709544518196,2019-03-12 06:00:00
3,12,7,36.61793059943328,28.21107042038605,82.77992675669489,2019-03-12 07:00:00
3,12,8,36.45424761788482,28.25023524325424,82.85042343785763,2019-03-12 08:00:00
3,12,9,36.39459935188153,28.241111619745173,82.83400091554132,2019-03-12 09:00:00
3,12,10,36.218071008144726,28.328787416393272,82.9918173495079,2019-03-12 10:00:00
3,12,11,35.99741057847372,28.42692200096641,83.16845960173954,2019-03-12 11:00:00
3,12,12,36.09877447613815,28.33657587548638,83.00583657587549,2019-03-12 12:00:00
3,12,13,36.12395647329946,28.37529564354925,83.07553215838864,2019-03-12 13:00:00
3,12,14,36.33991117622819,28.403111568881766,83.12560082398717,2019-03-12 14:00:00
3,12,15,36.67452650214428,28.48833956410061,83.2790112153811,2019-03-12 15:00:00
3,12,16,37.28181961550397,28.618740622059462,83.51373311970703,2019-03-12 16:00:00
3,12,17,38.01743916894323,28.56110602477048,83.40999084458686,2019-03-12 17:00:00
3,12,18,39.54158590622122,28.002562244093486,82.40461203936827,2019-03-12 18:00:00
3,12,19,40.32349963626004,27.873496350550596,82.17229343099108,2019-03-12 19:00:00
3,12,20,40.69232686741042,27.84790569924468,82.12623025864043,2019-03-12 20:00:00
3,12,21,40.63708371661304,27.94512994444329,82.30123389999792,2019-03-12 21:00:00
3,12,22,40.63267860140714,28.035496299687185,82.46389333943695,2019-03-12 22:00:00
3,12,23,40.67808250537979,27.990100709544517,82.38218127718014,2019-03-12 23:00:00
3,13,0,40.63573096469943,27.971185880318405,82.34813458457315,2019-03-13 00:00:00
3,13,1,40.53830970295418,27.972298517331705,82.35013733119708,2019-03-13 01:00:00
3,13,2,40.68266105031821,27.86058976119631,82.14906157015336,2019-03-13 02:00:00
3,13,3,40.863004848170355,27.815639225858956,82.06815060654613,2019-03-13 03:00:00
3,13,4,40.9680570181463,27.784707916889204,82.01247425040056,2019-03-13 04:00:00
3,13,5,41.00939110439591,27.805402965336594,82.04972533760586,2019-03-13 05:00:00
3,13,6,40.92964811338513,27.828990870018572,82.09218356603341,2019-03-13 06:00:00
3,13,7,40.932573294873556,27.822982630146743,82.08136873426413,2019-03-13 07:00:00
3,13,8,40.88373548219709,27.862815035222912,82.15306706340125,2019-03-13 08:00:00
3,13,9,40.7774114941827,27.91577655705603,82.24839780270086,2019-03-13 09:00:00
3,13,10,40.824595943409186,27.90019963886981,82.22035934996568,2019-03-13 10:00:00
3,13,11,40.446611622381965,28.027040258386105,82.44867246509499,2019-03-13 11:00:00
3,13,12,39.78259542450743,28.173685816739148,82.71263447013048,2019-03-13 12:00:00
3,13,13,39.57350853898631,28.048402889041483,82.48712520027465,2019-03-13 13:00:00
3,13,14,39.298668660877354,28.125619897764555,82.6261158159762,2019-03-13 14:00:00
3,13,15,38.899826524019566,28.329677526003916,82.99341954680705,2019-03-13 15:00:00
3,13,16,38.62651282755674,28.472985173317056,83.25137331197071,2019-03-13 16:00:00
3,13,17,39.98494167442476,27.942034790569924,82.29566262302586,2019-03-13 17:00:00
3,13,18,40.4594569845703,27.88529030289159,82.19352254520487,2019-03-13 18:00:00
3,13,19,40.62250405709955,27.94292490018057,82.29726482032503,2019-03-13 19:00:00
3,13,20,40.73628552361211,27.993195863417885,82.3877525541522,2019-03-13 20:00:00
3,13,21,40.39497581002092,28.220861626103105,82.79755092698558,2019-03-13 21:00:00
3,13,22,38.59357274036089,29.305905241474026,84.75062943465322,2019-03-13 22:00:00
3,13,23,37.68193357040022,29.658611174690368,85.38550011444266,2019-03-13 23:00:00
3,14,0,37.970127537912894,29.319034358230976,84.77426184481574,2019-03-14 00:00:00
3,14,1,38.79502871765131,28.733342234429443,83.72001602197298,2019-03-14 01:00:00
3,14,2,39.106496955267616,28.5341802090486,83.36152437628748,2019-03-14 02:00:00
3,14,3,39.408553739399395,28.452512652272322,83.21452277409018,2019-03-14 03:00:00
3,14,4,39.51424181839456,28.428702220187684,83.17166399633784,2019-03-14 04:00:00
3,14,5,39.633156804989596,28.379523664199798,83.08314259555964,2019-03-14 05:00:00
3,14,6,39.71671525011575,28.378856081991813,83.08194094758525,2019-03-14 06:00:00
3,14,7,39.86068505206823,28.365949492637522,83.05870908674756,2019-03-14 07:00:00
3,14,8,39.49859845652163,28.34814730042471,83.02666514076448,2019-03-14 08:00:00
3,14,9,37.87804791192915,28.325004450548054,82.9850080109865,2019-03-14 09:00:00
3,14,10,36.68355641021728,28.28539457287454,82.91371023117419,2019-03-14 10:00:00
3,14,11,35.53892017561263,28.26336436001119,82.87405584802013,2019-03-14 11:00:00
3,14,12,34.41386993880012,28.24556216779838,82.84201190203709,2019-03-14 12:00:00
3,14,13,33.6509062975342,28.07043310190484,82.52677958342872,2019-03-14 13:00:00
3,14,14,32.6831799520779,28.225312174156304,82.80556191348136,2019-03-14 14:00:00
3,14,15,31.959261124592388,28.187927570509398,82.7382696269169,2019-03-14 15:00:00
3,14,16,31.49237672267753,28.18347702245619,82.73025864042114,2019-03-14 16:00:00
3,14,17,31.16806312287289,28.1035896849012,82.58646143282215,2019-03-14 17:00:00
3,14,18,30.835101160406776,28.068430355280885,82.52317463950561,2019-03-14 18:00:00
3,14,19,30.533171558078845,28.074216067750054,82.53358892195011,2019-03-14 19:00:00
3,14,20,30.231299765661742,28.114817203853594,82.6066709669365,2019-03-14 20:00:00
3,14,21,29.771861280262915,28.279386333002723,82.9028953994049,2019-03-14 21:00:00
3,14,22,28.20294654803148,29.309020625111263,84.75623712520029,2019-03-14 22:00:00
3,14,23,27.49123717371508,29.539336486864524,85.17080567635615,2019-03-14 23:00:00
3,15,0,27.352863371131765,29.04666081737494,84.28398947127488,2019-03-15 00:00:00
3,15,1,27.627957612848416,28.406894534726987,83.13241016250858,2019-03-15 01:00:00
3,15,2,27.248955837390437,28.33323796444648,82.99982833600366,2019-03-15 02:00:00
3,15,3,26.860542608447926,28.273600620533557,82.8924811169604,2019-03-15 03:00:00
3,15,4,26.774822072656423,28.113825945423567,82.60488670176242,2019-03-15 04:00:00
3,15,5,26.632759997761607,28.00901553877063,82.41622796978713,2019-03-15 05:00:00
3,15,6,26.543859916873974,27.875054042369225,82.17509727626458,2019-03-15 06:00:00
3,15,7,26.4118452044829,27.800729889880728,82.04131380178531,2019-03-15 07:00:00
3,15,8,26.139294598843154,27.822982630146736,82.08136873426415,2019-03-15 08:00:00
3,15,9,25.55603884641017,28.018584217085017,82.43345159075305,2019-03-15 09:00:00
3,15,10,25.01055608971913,28.207732509346155,82.77391851682306,2019-03-15 10:00:00
3,15,11,24.838733472724588,28.22397700974034,82.80315861753263,2019-03-15 11:00:00
3,15,12,24.707100305745058,28.07555123216601,82.53599221789884,2019-03-15 12:00:00
3,15,13,24.397031067971042,28.13407593906564,82.64133669031817,2019-03-15 13:00:00
3,15,14,24.08162019443554,28.275825894560153,82.89648661020829,2019-03-15 14:00:00
3,15,15,23.808942406991946,28.395100582385997,83.1111810482948,2019-03-15 15:00:00
3,15,16,23.935717229064604,28.332570382238497,82.9986266880293,2019-03-15 16:00:00
3,15,17,28.599372230616222,25.405444927646812,77.72980086976426,2019-03-15 17:00:00
3,15,18,27.742802781720414,26.04031560743623,78.87256809338523,2019-03-15 18:00:00
3,15,19,27.098754127049535,26.12554360265507,79.02597848477912,2019-03-15 19:00:00
3,15,20,26.562428460235335,26.150689199155668,79.07124055848021,2019-03-15 20:00:00
3,15,21,26.156464142362225,26.19385951527174,79.14894712748914,2019-03-15 21:00:00
3,15,22,26.210770772604018,26.25127158515806,79.2522888532845,2019-03-15 22:00:00
3,15,23,25.93173389496818,26.276639709061318,79.29795147631039,2019-03-15 23:00:00
3,16,0,25.97726498074468,26.202315556572827,79.1641680018311,2019-03-16 00:00:00
3,16,1,26.25363104049977,26.19163424124514,79.14494163424126,2019-03-16 01:00:00
3,16,2,26.355885210791126,26.14512601408917,79.0612268253605,2019-03-16 02:00:00
3,16,3,26.31493266995304,26.102623280181078,78.98472190432595,2019-03-16 03:00:00
3,16,4,26.38717193453698,26.04654637471072,78.8837834744793,2019-03-16 04:00:00
3,16,5,26.445929927913344,26.017840339767556,78.83211261158162,2019-03-16 05:00:00
3,16,6,26.400271660333008,25.969774420792962,78.74559395742735,2019-03-16 06:00:00
3,16,7,26.368395275496596,25.927817890509584,78.67007220291725,2019-03-16 07:00:00
3,16,8,26.359573483102626,25.903461254800234,78.62623025864043,2019-03-16 08:00:00
3,16,9,26.397600842452267,25.838038198418147,78.50846875715267,2019-03-16 09:00:00
3,16,10,26.406249205113724,25.735008010986494,78.3230144197757,2019-03-16 10:00:00
3,16,11,26.211788227034784,25.644216830701154,78.15959029526208,2019-03-16 11:00:00
3,16,12,25.880352446214815,25.571227842628627,78.02821011673153,2019-03-16 12:00:00
3,16,13,25.653841653566943,25.499351491569396,77.89883268482491,2019-03-16 13:00:00
3,16,14,25.34657041547752,25.457961394674598,77.82433051041427,2019-03-16 14:00:00
3,16,15,25.267463333485953,25.402774598814883,77.7249942778668,2019-03-16 15:00:00
3,16,16,25.059139538787903,25.46842018259963,77.84315632867934,2019-03-16 16:00:00
3,16,17,24.963244458688802,25.39943668777499,77.71898603799497,2019-03-16 17:00:00
3,16,18,24.694000579949023,25.560323999898277,78.00858319981691,2019-03-16 18:00:00
3,16,19,24.5256118716583,25.590142671854736,78.06225680933854,2019-03-16 19:00:00
3,16,20,24.350991254979164,25.614843213550014,78.10671778439003,2019-03-16 20:00:00
3,16,21,24.168485366461653,25.60438442562499,78.08789196612497,2019-03-16 21:00:00
3,16,22,24.15754773133098,25.56566465756212,78.01819638361182,2019-03-16 22:00:00
3,16,23,24.248482721080126,25.53606851300832,77.964923323415,2019-03-16 23:00:00
3,17,0,24.316524986137182,25.536958622618958,77.96652552071413,2019-03-17 00:00:00
3,17,1,24.44319806276677,25.564329493146158,78.01579308766308,2019-03-17 01:00:00
3,17,2,24.659407129303194,25.553425650415814,77.99616617074845,2019-03-17 02:00:00
3,17,3,25.1349398938795,25.5411866432695,77.9741359578851,2019-03-17 03:00:00
3,17,4,25.248004517497673,25.566777294575427,78.02019913023577,2019-03-17 04:00:00
3,17,5,25.314393419104743,25.53540093080034,77.96372167544061,2019-03-17 05:00:00
3,17,6,25.351148960415937,25.52828005391521,77.9509040970474,2019-03-17 06:00:00
3,17,7,25.33156296262381,25.68384693813854,78.23092448864939,2019-03-17 07:00:00
3,17,8,25.54739048374871,25.562104219119558,78.01178759441521,2019-03-17 08:00:00
3,17,9,25.634510019382507,25.55587345184507,78.00057221332112,2019-03-17 09:00:00
3,17,10,25.7747915490235,25.47220314844486,77.84996566720073,2019-03-17 10:00:00
3,17,11,25.813327635588518,25.491117977670964,77.88401235980774,2019-03-17 11:00:00
3,17,12,25.860512084815003,25.504247094427914,77.90764476997025,2019-03-17 12:00:00
3,17,13,25.983242525525384,25.47331578545816,77.85196841382468,2019-03-17 13:00:00
3,17,14,26.103174966551183,25.443497113501692,77.79829480430305,2019-03-17 14:00:00
3,17,15,25.98031734403695,25.460409196103864,77.82873655298697,2019-03-17 15:00:00
3,17,16,26.054464335678563,25.45885150428524,77.82593270771343,2019-03-17 16:00:00
3,17,17,26.174651140312054,25.44950535337352,77.80910963607234,2019-03-17 17:00:00
3,17,18,26.0636214255554,25.481549299356583,77.86678873884185,2019-03-17 18:00:00
3,17,19,26.08943933173593,25.47287073065284,77.85116731517509,2019-03-17 19:00:00
3,17,20,25.867125538614943,25.581909157956307,78.04743648432135,2019-03-17 20:00:00
3,17,21,25.666305470343747,25.620851453421835,78.1175326161593,2019-03-17 21:00:00
3,17,22,25.657784289486134,25.530282800539155,77.95450904097048,2019-03-17 22:00:00
3,17,23,25.563924118248554,25.523161923654033,77.94169146257725,2019-03-17 23:00:00
3,18,0,25.58707120654834,25.49312072429491,77.88761730373083,2019-03-18 00:00:00
3,18,1,25.80060945520402,25.491340505073623,77.88441290913254,2019-03-18 01:00:00
3,18,2,26.027374611459592,25.53651356781364,77.96572442206455,2019-03-18 02:00:00
3,18,3,26.156845687773757,25.649112433559676,78.16840238040743,2019-03-18 03:00:00
3,18,4,26.374962481367863,25.633758042776122,78.14076447699703,2019-03-18 04:00:00
3,18,5,26.515498374616545,25.692282749675744,78.24610894941634,2019-03-18 05:00:00
3,18,6,26.77727321287598,25.66296982181624,78.19334567926923,2019-03-18 06:00:00
3,18,7,27.563222074691325,25.668694844993777,78.2036507209888,2019-03-18 07:00:00
3,18,8,27.862099313726986,25.690947585259796,78.24370565346763,2019-03-18 08:00:00
3,18,9,27.958884666453002,25.653340454210223,78.17601281757838,2019-03-18 09:00:00
3,18,10,27.862862404550057,25.64221408407721,78.15598535133898,2019-03-18 10:00:00
3,18,11,27.850907314988635,25.64065639225859,78.15318150606548,2019-03-18 11:00:00
3,18,12,27.986483117887357,25.613730576536714,78.10471503776608,2019-03-18 12:00:00
3,18,13,28.40592870696804,25.565219602756795,78.01739528496223,2019-03-18 13:00:00
3,18,14,28.717524126388195,25.55987894509295,78.00778210116731,2019-03-18 14:00:00
3,18,15,28.68153167590006,25.558098725871677,78.00457770656902,2019-03-18 15:00:00
3,18,16,28.25699881466559,25.575233335876504,78.03542000457772,2019-03-18 16:00:00
3,18,17,27.569962710295115,25.652672872002242,78.17481116960404,2019-03-18 17:00:00
3,18,18,27.1224099425647,25.559656417690302,78.00738155184254,2019-03-18 18:00:00
3,18,19,26.634540543015433,25.528502581317866,77.95130464637218,2019-03-18 19:00:00
3,18,20,26.006771159236706,25.633535515373467,78.14036392767224,2019-03-18 20:00:00
3,18,21,25.812818908373146,25.583689377177592,78.05064087891968,2019-03-18 21:00:00
3,18,22,25.78051473019652,25.58279926756695,78.04903868162052,2019-03-18 22:00:00
3,18,23,25.76105591420824,25.67448055746294,78.21406500343328,2019-03-18 23:00:00
3,19,0,25.604495113675096,25.6780409959055,78.2204737926299,2019-03-19 00:00:00
3,19,1,25.419827134492213,25.627749802904304,78.12994964522774,2019-03-19 01:00:00
3,19,2,25.613906567159628,25.639543755245295,78.15117875944154,2019-03-19 02:00:00
3,19,3,25.89357935381469,25.63487067978942,78.14276722362096,2019-03-19 03:00:00
3,19,4,26.1999603192772,25.663576714732596,78.19443808651867,2019-03-19 04:00:00
3,19,5,26.390871768830653,25.72705771378237,78.3087038848083,2019-03-19 05:00:00
3,19,6,26.511937284108885,25.676928358892194,78.21847104600597,2019-03-19 06:00:00
3,19,7,26.428378838982752,25.682046489153375,78.22768368047609,2019-03-19 07:00:00
3,19,8,26.52287491923956,25.729444825919998,78.313000686656,2019-03-19 08:00:00
3,19,9,26.95859977921239,25.633535515373467,78.14036392767224,2019-03-19 09:00:00
3,19,10,27.15128021203751,25.63731848121869,78.14717326619363,2019-03-19 10:00:00
3,19,11,27.213726477725377,25.66402176953791,78.19523918516823,2019-03-19 11:00:00
3,19,12,27.474830721019078,25.684494290582645,78.23208972304876,2019-03-19 12:00:00
3,19,13,27.922256306945652,25.621741563032472,78.11913481345846,2019-03-19 13:00:00
3,19,14,27.959139030060687,25.657345947458097,78.1832227054246,2019-03-19 14:00:00
3,19,15,27.8214011364966,25.670030009409732,78.20605401693751,2019-03-19 15:00:00
3,19,16,28.25381926956946,25.648667378754354,78.16760128175783,2019-03-19 16:00:00
3,19,17,28.517594330743915,25.749694819562066,78.34945067521173,2019-03-19 17:00:00
3,19,18,28.682676312134664,25.781293710739813,78.40632867933165,2019-03-19 18:00:00
3,19,19,28.91605492219017,25.915255207141218,78.6474593728542,2019-03-19 19:00:00
3,19,20,28.006705024698704,26.013612319117005,78.82450217441063,2019-03-19 20:00:00
3,19,21,27.75513941669337,26.0438760458788,78.87897688258184,2019-03-19 21:00:00
3,19,22,28.317791716903482,26.037645278604316,78.86776150148778,2019-03-19 22:00:00
3,19,23,29.017673183462293,26.197197426311646,79.15495536736097,2019-03-19 23:00:00
3,20,0,29.194710254414478,26.72792528165611,80.11026550698098,2019-03-20 00:00:00
3,20,1,29.728873830563312,26.775991200630703,80.19678416113527,2019-03-20 01:00:00
3,20,2,30.34697739724982,26.76909285114824,80.18436713206681,2019-03-20 02:00:00
3,20,3,30.895003790017753,26.757966481015227,80.16433966582743,2019-03-20 03:00:00
3,20,4,31.38172855333242,26.74461483685562,80.14030670634011,2019-03-20 04:00:00
3,20,5,31.71114098727303,26.725517939754607,80.1059322915583,2019-03-20 05:00:00
3,20,6,31.945525489777125,26.74550494646626,80.14190890363928,2019-03-20 06:00:00
3,20,7,32.255594727551134,26.7737659266041,80.1927786678874,2019-03-20 07:00:00
3,20,8,32.470150430637595,26.757521426209905,80.16353856717784,2019-03-20 08:00:00
3,20,9,32.65023986488205,26.71746649373108,80.09143968871595,2019-03-20 09:00:00
3,20,10,32.794464030442235,26.703669794766157,80.06660563057908,2019-03-20 10:00:00
3,20,11,33.02606209524391,26.662724752676684,79.99290455481803,2019-03-20 11:00:00
3,20,12,33.319216153106545,26.61132092266219,79.90037766079193,2019-03-20 12:00:00
3,20,13,33.61516821065376,26.615771470715398,79.90838864728771,2019-03-20 13:00:00
3,20,14,34.00879589355392,26.63913684799471,79.95044632639048,2019-03-20 14:00:00
3,20,15,34.1368679700258,26.623337402405838,79.92200732433052,2019-03-20 15:00:00
3,20,16,34.30233149682808,26.604422573179733,79.8879606317235,2019-03-20 16:00:00
3,20,17,34.62562764220198,26.613101141883476,79.90358205539025,2019-03-20 17:00:00
3,20,18,34.85697134339596,26.692543424633143,80.04657816433966,2019-03-20 18:00:00
3,20,19,34.83598634576154,26.79868899570204,80.23764019226367,2019-03-20 19:00:00
3,20,20,34.70257263352818,26.953790595356164,80.51682307164111,2019-03-20 20:00:00
3,20,21,34.64470491277872,27.000076295109483,80.60013733119708,2019-03-20 21:00:00
3,20,22,34.69023599855522,27.069504844739456,80.72510872053101,2019-03-20 22:00:00
3,20,23,34.77773707960054,27.068169680323493,80.72270542458229,2019-03-20 23:00:00
3,21,0,34.84666961728451,27.060381221230386,80.70868619821469,2019-03-21 00:00:00
3,21,1,34.991402510060084,27.10021362630655,80.78038452735179,2019-03-21 01:00:00
3,21,2,34.93976669769903,27.076403194221914,80.73752574959944,2019-03-21 02:00:00
3,21,3,34.98517060167167,27.057933419801127,80.70428015564204,2019-03-21 03:00:00
3,21,4,34.79957766391538,27.02872164076101,80.65169895336982,2019-03-21 04:00:00
3,21,5,34.48699947601097,27.008754863813227,80.61575875486382,2019-03-21 05:00:00
3,21,6,34.232763050124895,26.957796088604056,80.52403295948729,2019-03-21 06:00:00
3,21,7,33.96072117170053,26.96513949289184,80.53725108720532,2019-03-21 07:00:00
3,21,8,33.66947484089557,27.00675211718929,80.61215381094073,2019-03-21 08:00:00
3,21,9,33.58884157725786,26.97537575341421,80.55567635614558,2019-03-21 09:00:00
3,21,10,33.50744522279708,26.987837287963174,80.57810711833372,2019-03-21 10:00:00
3,21,11,33.49320086076645,26.939548841585918,80.49118791485465,2019-03-21 11:00:00
3,21,12,33.772619283813825,26.87034281935861,80.36661707484548,2019-03-21 12:00:00
3,21,13,33.892042997624245,26.84586480506599,80.32255664911878,2019-03-21 13:00:00
3,21,14,33.969751079773516,26.831400523893084,80.29652094300754,2019-03-21 14:00:00
3,21,15,33.69847229217221,26.831400523893077,80.29652094300754,2019-03-21 15:00:00
3,21,16,33.02504464081315,26.77131812517484,80.18837262531471,2019-03-21 16:00:00
3,21,17,32.164151010586615,26.777103837644002,80.19878690775921,2019-03-21 17:00:00
3,21,18,31.2029109371264,26.750400549324784,80.15072098878461,2019-03-21 18:00:00
3,21,19,30.43803956880281,26.80380712596322,80.2468528267338,2019-03-21 19:00:00
3,21,20,29.19381998178756,26.82917524986648,80.29251544975965,2019-03-21 20:00:00
3,21,21,28.59021514073939,26.88569721014216,80.39425497825586,2019-03-21 21:00:00
3,21,22,28.142026463989747,26.881914244296937,80.3874456397345,2019-03-21 22:00:00
3,21,23,27.804358774781374,26.934430711324737,80.48197528038452,2019-03-21 23:00:00
3,22,0,27.813515864658214,26.885919737544814,80.39465552758067,2019-03-22 00:00:00
3,22,1,28.24262727083111,26.80380712596323,80.24685282673381,2019-03-22 01:00:00
3,22,2,28.349332804257028,26.79401592024618,80.22922865644311,2019-03-22 02:00:00
3,22,3,28.288886761484164,26.77649694472766,80.19769450050978,2019-03-22 03:00:00
3,22,4,28.365612075149183,26.761304392055134,80.17034790569923,2019-03-22 04:00:00
3,22,5,28.524080602740003,26.797353831286074,80.23523689631493,2019-03-22 05:00:00
3,22,6,28.74397794158794,26.814265913888253,80.26567864499886,2019-03-22 06:00:00
3,22,7,28.82804511392946,26.809147783627065,80.25646601052871,2019-03-22 07:00:00
3,22,8,29.754437373136142,26.794015920246178,80.22922865644311,2019-03-22 08:00:00
3,22,9,30.39823166419934,26.768647796342922,80.18356603341725,2019-03-22 09:00:00
3,22,10,30.893986335586998,26.68987309580122,80.0417715724422,2019-03-22 10:00:00
3,22,11,31.210796208964783,26.671625848783098,80.00892652780958,2019-03-22 11:00:00
3,22,12,31.579114712899795,26.606425319803666,79.8915655756466,2019-03-22 12:00:00
3,22,13,31.860695226612535,26.634686299941517,79.9424353398947,2019-03-22 13:00:00
3,22,14,32.72133449323138,26.654268711375597,79.97768368047609,2019-03-22 14:00:00
3,22,15,33.53453494701606,26.753515932962028,80.15632867933165,2019-03-22 15:00:00
3,22,16,34.11562860878369,26.80291701635258,80.24525062943465,2019-03-22 16:00:00
3,22,17,34.41565048405395,26.830732941685103,80.29531929503317,2019-03-22 17:00:00
3,22,18,34.600318463236825,26.883471936115566,80.390249485008,2019-03-22 18:00:00
3,22,19,34.590398282536924,26.992510363419033,80.58651865415426,2019-03-22 19:00:00
3,22,20,34.34837130981996,27.238403143358507,81.02912565804532,2019-03-22 20:00:00
3,22,21,34.35116930950455,27.348331680272626,81.22699702449073,2019-03-22 21:00:00
3,22,22,34.32064567658176,27.362350906640213,81.25223163195238,2019-03-22 22:00:00
3,22,23,34.24548123050939,27.39261463340199,81.3067063401236,2019-03-22 23:00:00
3,23,0,34.499208929180085,27.421988250553138,81.35957885099565,2019-03-23 00:00:00
3,23,1,34.558730013379524,27.464490984461232,81.4360837720302,2019-03-23 01:00:00
3,23,2,34.138602267350954,27.506953258841563,81.5125158659148,2019-03-23 02:00:00
3,23,3,33.78749955486368,27.532584369675238,81.55865186541543,2019-03-23 03:00:00
3,23,4,33.42388677767094,27.58554589150836,81.65398260471503,2019-03-23 04:00:00
3,23,5,33.65535766066877,27.51967778032095,81.53542000457769,2019-03-23 05:00:00
3,23,6,33.98043435129649,27.507883827979963,81.51419089036393,2019-03-23 06:00:00
3,23,7,34.371136852708204,27.462265710434632,81.43207827878234,2019-03-23 07:00:00
3,23,8,34.70384445156663,27.423545942371756,81.36238269626917,2019-03-23 08:00:00
3,23,9,34.85773443421903,27.431779456270192,81.37720302128635,2019-03-23 09:00:00
3,23,10,35.02459696086361,27.40329594872968,81.32593270771343,2019-03-23 10:00:00
3,23,11,35.19451185080048,27.356342666768388,81.2414168001831,2019-03-23 11:00:00
3,23,12,35.277307205103554,27.36279596144554,81.25303273060196,2019-03-23 12:00:00
3,23,13,35.34725719721829,27.33475750871035,81.20256351567865,2019-03-23 13:00:00
3,23,14,35.43844655057512,27.341433330790164,81.21457999542228,2019-03-23 14:00:00
3,23,15,35.36086565022969,27.4070789145749,81.33274204623483,2019-03-23 15:00:00
3,23,16,35.334030289618404,27.48941405355916,81.48094529640649,2019-03-23 16:00:00
3,23,17,35.28201293184581,27.582875562676435,81.64917601281759,2019-03-23 17:00:00
3,23,18,35.18649939715825,27.70170519569696,81.86306935225454,2019-03-23 18:00:00
3,23,19,35.27654411428048,27.699034866865045,81.85826276035708,2019-03-23 19:00:00
3,23,20,35.337718561929904,27.695696955825138,81.85225452048525,2019-03-23 20:00:00
3,23,21,35.25530475303837,27.80584802014192,82.05052643625544,2019-03-23 21:00:00
3,23,22,35.2570852982922,27.89908700185651,82.21835660334172,2019-03-23 22:00:00
3,23,23,35.19781857770045,27.941812263167268,82.2952620737011,2019-03-23 23:00:00
3,24,0,35.20074375918889,27.985650161491318,82.37417029068438,2019-03-24 00:00:00
3,24,1,35.76581251367204,27.92067215991455,82.2572098878462,2019-03-24 01:00:00
3,24,2,35.763985720489536,27.911629455461,82.24093301982981,2019-03-24 02:00:00
3,24,3,35.91944813271676,27.865262836652175,82.15747310597392,2019-03-24 03:00:00
3,24,4,35.58839389730833,28.25913633936064,82.86644541084918,2019-03-24 04:00:00
3,24,5,35.45485300327112,28.33902367691564,83.01024261844815,2019-03-24 05:00:00
3,24,6,35.40970346290616,28.229317667404192,82.81277180132754,2019-03-24 06:00:00
3,24,7,35.47990781862857,28.190152844535998,82.74227512016479,2019-03-24 07:00:00
3,24,8,35.51424690566672,28.19393581038122,82.7490844586862,2019-03-24 08:00:00
3,24,9,35.52594763162045,28.201056687266345,82.76190203707944,2019-03-24 09:00:00
3,24,10,35.4740574556517,28.201946796876985,82.76350423437859,2019-03-24 10:00:00
3,24,11,35.450020094725,28.161669336995505,82.69100480659189,2019-03-24 11:00:00
3,24,12,35.40309000910622,28.179471529208303,82.72304875257497,2019-03-24 12:00:00
3,24,13,35.37714492112185,28.17235065232319,82.71023117418173,2019-03-24 13:00:00
3,24,14,35.45994027542491,28.195938557005164,82.75268940260929,2019-03-24 14:00:00
3,24,15,35.657962344011516,28.27938633300272,82.90289539940488,2019-03-24 15:00:00
3,24,16,35.651730435623115,28.275825894560153,82.89648661020827,2019-03-24 16:00:00
3,24,17,35.62654843846182,28.44116375473666,83.19409475852599,2019-03-24 17:00:00
3,24,18,35.823553052617655,28.47209506370641,83.24977111467156,2019-03-24 18:00:00
3,24,19,35.463501365932565,28.65857302713563,83.58543144884412,2019-03-24 19:00:00
3,24,20,35.53535908510498,28.66547137661809,83.59784847791256,2019-03-24 20:00:00
3,24,21,36.033148665354155,28.73868289209329,83.72962920576792,2019-03-24 21:00:00
3,24,22,36.082876750657526,28.752034536252896,83.75366216525522,2019-03-24 22:00:00
3,24,23,36.34525281198968,28.562663716589096,83.41279468986038,2019-03-24 23:00:00
3,25,0,36.59134960242969,28.713537295592687,83.68436713206684,2019-03-25 00:00:00
3,25,1,36.330476598779335,28.80497582832213,83.84895649097983,2019-03-25 01:00:00
3,25,2,36.69919977209021,28.69684774039317,83.65432593270772,2019-03-25 02:00:00
3,25,3,37.15412908444363,28.408007171740294,83.13441290913252,2019-03-25 03:00:00
3,25,4,37.3517696076187,28.32188906691081,82.97940032043947,2019-03-25 04:00:00
3,25,5,37.28181961550397,28.343696752371503,83.0186541542687,2019-03-25 05:00:00
3,25,6,37.64988375583129,28.313433025609726,82.9641794460975,2019-03-25 06:00:00
3,25,7,37.504387772232654,28.240666564939858,82.83319981689174,2019-03-25 07:00:00
3,25,8,37.536310404997735,28.20572976272221,82.77031357289998,2019-03-25 08:00:00
3,25,9,37.52537276986707,28.18525724167748,82.73346303501944,2019-03-25 09:00:00
3,25,10,37.70978638544227,28.099806719055973,82.57965209430076,2019-03-25 10:00:00
3,25,11,37.644923665481336,28.10559243152514,82.59006637674527,2019-03-25 11:00:00
3,25,12,37.64263439301212,28.078889143205913,82.54200045777065,2019-03-25 12:00:00
3,25,13,37.66400093605808,28.03482871747921,82.46269169146258,2019-03-25 13:00:00
3,25,14,37.98577089978583,27.944927646804512,82.30086976424813,2019-03-25 14:00:00
3,25,15,38.133683337657516,27.812968897027044,82.06334401464868,2019-03-25 15:00:00
3,25,16,38.25895741444481,27.781370005849297,82.00646601052874,2019-03-25 16:00:00
3,25,17,37.74806810839959,28.11026550698101,82.59847791256581,2019-03-25 17:00:00
3,25,18,38.019601259608585,27.74220518298111,81.93596932936599,2019-03-25 18:00:00
3,25,19,38.162299243522625,27.860812288598968,82.14946211947816,2019-03-25 19:00:00
3,25,20,37.70037493195773,28.00656773734137,82.41182192721446,2019-03-25 20:00:00
3,25,21,37.83798564371798,28.11738638386613,82.61129549095905,2019-03-25 21:00:00
3,25,22,37.0740045480213,28.207287454540833,82.77311741817351,2019-03-25 22:00:00
3,25,23,35.94780967497418,28.144534726990667,82.66016250858321,2019-03-25 23:00:00
3,26,0,35.70349342978802,28.100737288194374,82.58132711874988,2019-03-26 00:00:00
3,26,1,35.97706148985852,28.009905648381274,82.41783016708631,2019-03-26 01:00:00
3,26,2,35.59716944177363,28.334573128862445,83.0022316319524,2019-03-26 02:00:00
3,26,3,35.31050165590709,28.5866966760764,83.45605401693753,2019-03-26 03:00:00
3,26,4,35.93610894902045,28.17502098115511,82.7150377660792,2019-03-26 04:00:00
3,26,5,37.83798564371798,27.64051015996542,81.75291828793776,2019-03-26 05:00:00
3,26,6,37.81127746491054,27.567966226698204,81.62233920805677,2019-03-26 06:00:00
3,26,7,38.05254134680443,27.46493603926655,81.43688487067979,2019-03-26 07:00:00
3,26,8,38.036516439519964,27.41842781211058,81.35317006179902,2019-03-26 08:00:00
3,26,9,37.76714537897634,27.345216296635382,81.22138933394368,2019-03-26 09:00:00
3,26,10,37.601681852174046,27.32118333714809,81.17813000686657,2019-03-26 10:00:00
3,26,11,37.62253966800461,27.293812466620892,81.1288624399176,2019-03-26 11:00:00
3,26,12,37.67582884381565,27.280905877266605,81.10563057907989,2019-03-26 12:00:00
3,26,13,37.56607094709745,27.415089901070672,81.34716182192722,2019-03-26 13:00:00
3,26,14,37.594686852962575,27.372142112357256,81.26985580224306,2019-03-26 14:00:00
3,26,15,37.411417873621986,27.29692785025813,81.13447013046463,2019-03-26 15:00:00
3,26,16,37.84854173343711,26.938213677169955,80.48878461890591,2019-03-26 16:00:00
3,26,17,38.26709704989087,26.973595534192924,80.55247196154727,2019-03-26 17:00:00
3,26,18,38.03778825755842,27.21437018387121,80.98586633096818,2019-03-26 18:00:00
3,26,19,37.95422981243228,27.21815314971643,80.99267566948957,2019-03-26 19:00:00
3,26,20,37.96325972050527,27.11089494163424,80.79961089494164,2019-03-26 20:00:00
3,26,21,37.05912427697145,27.641845324381364,81.75532158388647,2019-03-26 21:00:00
3,26,22,36.17470201303359,27.86036723379365,82.14866102082858,2019-03-26 22:00:00
3,26,23,36.10404674000663,27.921339742122527,82.25841153582056,2019-03-26 23:00:00
3,27,0,36.35059444775117,28.122059459321992,82.61970702677961,2019-03-27 00:00:00
3,27,1,36.48706052327682,28.102031993082573,82.58365758754861,2019-03-27 01:00:00
3,27,2,37.15222135738595,27.909545789781543,82.23718242160679,2019-03-27 02:00:00
3,27,3,37.343629972172614,27.88440019328095,82.19192034790571,2019-03-27 03:00:00
3,27,4,37.3908144213991,28.00968312097861,82.41742961776151,2019-03-27 04:00:00
3,27,5,38.04948898351214,27.657199715164925,81.78295948729685,2019-03-27 05:00:00
3,27,6,38.62307891885292,27.210364690623333,80.978656443122,2019-03-27 06:00:00
3,27,7,38.85226052938154,27.1373757025508,80.84727626459143,2019-03-27 07:00:00
3,27,8,38.809273079681944,27.12380153098853,80.82284275577935,2019-03-27 08:00:00
3,27,9,38.67865736713317,27.16519162788332,80.89734493018996,2019-03-27 09:00:00
3,27,10,38.46448320945826,27.247526766867576,81.04554818036162,2019-03-27 10:00:00
3,27,11,38.385121763859,27.313839932860304,81.16491187914853,2019-03-27 11:00:00
3,27,12,38.352308858467005,27.358345413392325,81.24502174410618,2019-03-27 12:00:00
3,27,13,38.605146284510774,27.381933318074303,81.28747997253373,2019-03-27 13:00:00
3,27,14,38.776460174289944,27.500985478497494,81.50177386129548,2019-03-27 14:00:00
3,27,15,38.82835035025869,27.61113654281427,81.70004577706571,2019-03-27 15:00:00
3,27,16,39.076482049560205,27.28713664454109,81.11684596017395,2019-03-27 16:00:00
3,27,17,39.01174651140312,27.208361943999392,80.9750514991989,2019-03-27 17:00:00
3,27,18,38.353453494701604,27.41375473665471,81.34475852597848,2019-03-27 18:00:00
3,27,19,38.10252379571549,27.472947025762323,81.45130464637217,2019-03-27 19:00:00
3,27,20,37.924723633940246,27.4825157040767,81.46852826733806,2019-03-27 20:00:00
3,27,21,37.70024775015389,27.5283563490247,81.55104142824445,2019-03-27 21:00:00
3,27,22,38.02717435792845,27.384360889739693,81.29184960153144,2019-03-27 22:00:00
3,27,23,38.20668569306452,27.288694336359708,81.11964980544747,2019-03-27 23:00:00
3,28,0,38.34226149596325,27.251309732712798,81.05235751888303,2019-03-28 00:00:00
3,28,1,38.54918629081901,27.340765748582182,81.21337834744791,2019-03-28 01:00:00
3,28,2,38.82631544139717,27.203688868543527,80.96663996337834,2019-03-28 02:00:00
3,28,3,39.05702323357193,27.158515805803507,80.88532845044632,2019-03-28 03:00:00
3,28,4,39.15342704088641,27.44268329900053,81.39682993820095,2019-03-28 04:00:00
3,28,5,39.91626350034848,27.249529513491513,81.04915312428473,2019-03-28 05:00:00
3,28,6,39.51551363643301,27.237067978942548,81.02672236209658,2019-03-28 06:00:00
3,28,7,39.511062273298435,27.135150428524195,80.84327077134357,2019-03-28 07:00:00
3,28,8,39.48231918562947,27.104664174359755,80.78839551384756,2019-03-28 08:00:00
3,28,9,39.27971857210445,27.16786195671524,80.90215152208742,2019-03-28 09:00:00
3,28,10,39.111075500206034,27.250197095699495,81.05035477225908,2019-03-28 10:00:00
3,28,11,38.94828279128448,27.28046082246128,81.1048294804303,2019-03-28 11:00:00
3,28,12,39.08462168500628,27.21637293049515,80.98947127489127,2019-03-28 12:00:00
3,28,13,39.10331741017149,27.220600951145695,80.99708171206224,2019-03-28 13:00:00
3,28,14,39.21091321622433,27.2043564507515,80.96784161135271,2019-03-28 14:00:00
3,28,15,39.40003255854178,27.158738333206173,80.88572899977112,2019-03-28 15:00:00
3,28,16,39.122394680748236,27.367691564304057,81.2618448157473,2019-03-28 16:00:00
3,28,17,39.03044223656833,27.37347727677322,81.27225909819178,2019-03-28 17:00:00
3,28,18,38.97740742436498,27.42955418224359,81.37319752803846,2019-03-28 18:00:00
3,28,19,38.46092211895059,27.415757483278654,81.34836346990157,2019-03-28 19:00:00
3,28,20,38.2739648672985,27.50076295109483,81.50137331197071,2019-03-28 20:00:00
3,28,21,37.7466691085573,27.931353475242236,82.27643625543605,2019-03-28 21:00:00
3,28,22,37.54587216425045,27.958481588602897,82.32526685948524,2019-03-28 22:00:00
3,28,23,37.44105123391787,27.94737544823377,82.30527580682079,2019-03-28 23:00:00
3,29,0,37.44652005148319,27.9086556801709,82.23558022430764,2019-03-29 00:00:00
3,29,1,37.49166959184815,27.833886472877094,82.10099565117876,2019-03-29 01:00:00
3,29,2,37.97928462778973,27.796946924035506,82.03450446326391,2019-03-29 02:00:00
3,29,3,38.44031866672771,27.748435950255598,81.94718471046006,2019-03-29 03:00:00
3,29,4,38.439046848689266,27.8198672465095,82.07576104371712,2019-03-29 04:00:00
3,29,5,38.50340084143482,27.875721624577196,82.17629892423896,2019-03-29 05:00:00
3,29,6,38.8999537058234,27.602680501513188,81.68482490272373,2019-03-29 06:00:00
3,29,7,39.014417329283866,27.454032196536204,81.41725795376516,2019-03-29 07:00:00
3,29,8,39.086020684848584,27.3730322219679,81.27145799954222,2019-03-29 08:00:00
3,29,9,39.06897832313336,27.31539762467892,81.16771572442205,2019-03-29 09:00:00
3,29,10,38.92208333969243,27.36568881768012,81.2582398718242,2019-03-29 10:00:00
3,29,11,38.87528043587748,27.361460797029565,81.25062943465322,2019-03-29 11:00:00
3,29,12,38.770355447705384,27.41909539431855,81.35437170977339,2019-03-29 12:00:00
3,29,13,38.80774689803581,27.49030416316981,81.48254749370567,2019-03-29 13:00:00
3,29,14,38.7989713535705,27.61914752931004,81.71446555275809,2019-03-29 14:00:00
3,29,15,38.573478015353395,27.684793113094784,81.83262760357063,2019-03-29 15:00:00
3,29,16,38.42378503222787,27.7835952798759,82.01047150377663,2019-03-29 16:00:00
3,29,17,38.474403390158166,27.801397472088713,82.04251544975968,2019-03-29 17:00:00
3,29,18,37.93044681511328,27.917779303679975,82.25200274662394,2019-03-29 18:00:00
3,29,19,37.76867156062248,27.8723837135373,82.17029068436716,2019-03-29 19:00:00
3,29,20,37.710676658069175,27.873496350550596,82.17229343099109,2019-03-29 20:00:00
3,29,21,37.77882298096574,27.99513792075019,82.39124825735036,2019-03-29 21:00:00
3,29,22,37.766636651760955,27.84033976755423,82.11261158159762,2019-03-29 22:00:00
3,29,23,37.842691370460244,27.827878233005265,82.0901808194095,2019-03-29 23:00:00
3,30,0,37.842055461441014,27.798727143256787,82.03770885786223,2019-03-30 00:00:00
3,30,1,37.76002319796102,27.845457897815418,82.12182421606776,2019-03-30 01:00:00
3,30,2,37.732806291938196,27.861702398209605,82.1510643167773,2019-03-30 02:00:00
3,30,3,37.786731376768465,27.86281503522291,82.15306706340125,2019-03-30 03:00:00
3,30,4,37.75569901663029,27.879504590422414,82.18310826276037,2019-03-30 04:00:00
3,30,5,37.820434554787376,27.84345515119148,82.11821927214466,2019-03-30 05:00:00
3,30,6,38.027486531446975,27.889295796139475,82.20073243305104,2019-03-30 06:00:00
3,30,7,38.537231201257576,27.932466112255543,82.27843900205998,2019-03-30 07:00:00
3,30,8,38.587086468364795,27.86659800106813,82.15987640192265,2019-03-30 08:00:00
3,30,9,38.39529630816659,27.84545789781542,82.12182421606776,2019-03-30 09:00:00
3,30,10,38.33323158789026,27.821869993133443,82.07936598764019,2019-03-30 10:00:00
3,30,11,38.28897232015222,27.795166704814225,82.03130006866562,2019-03-30 11:00:00
3,30,12,38.27612695796386,27.80451285572596,82.04812314030671,2019-03-30 12:00:00
3,30,13,38.2323764174412,27.871271076523996,82.16828793774319,2019-03-30 13:00:00
3,30,14,38.064114890954315,27.92022710510923,82.25640878919661,2019-03-30 14:00:00
3,30,15,38.15873815301497,27.969628188499794,82.34533073929963,2019-03-30 15:00:00
3,30,16,38.46003184632368,28.00122707967753,82.40220874341956,2019-03-30 16:00:00
3,30,17,38.6020939212185,27.9567215991455,82.32209887846192,2019-03-30 17:00:00
3,30,18,38.138261882595934,28.084674855675086,82.55241474021517,2019-03-30 18:00:00
3,30,19,37.57573676418968,27.82454032196536,82.08417257953766,2019-03-30 19:00:00
3,30,20,37.28711500333679,27.789037086359134,82.02026675544644,2019-03-30 20:00:00
3,30,21,36.20497128234869,27.72128760713105,81.89831769283589,2019-03-30 21:00:00
3,30,22,35.309102656064795,27.51722997889168,81.53101396200502,2019-03-30 22:00:00
3,30,23,34.15518214977946,27.669216194908582,81.80458915083544,2019-03-30 23:00:00
3,31,0,33.37237814711373,27.762900231428507,81.97322041657132,2019-03-31 00:00:00
3,31,1,33.36614623872534,27.661650263218135,81.79097047379263,2019-03-31 01:00:00
3,31,2,33.26058534153402,27.646073345031926,81.76293202105745,2019-03-31 02:00:00
3,31,3,32.78174585005774,27.696364538033123,81.85345616845962,2019-03-31 03:00:00
3,31,4,32.2877717239239,27.758894738180626,81.9660105287251,2019-03-31 04:00:00
3,31,5,31.864637862531733,27.6752244347804,81.8154039826047,2019-03-31 05:00:00
3,31,6,31.387324552701596,27.65141400269577,81.77254520485239,2019-03-31 06:00:00
3,31,7,30.821874252806907,27.750438696879538,81.95078965438314,2019-03-31 07:00:00
3,31,8,30.555301191947866,27.669883777116564,81.80579079880982,2019-03-31 08:00:00
3,31,9,30.39250848302632,27.73308155947205,81.9195468070497,2019-03-31 09:00:00
3,31,10,30.169558780886096,27.779144731822697,82.00246051728087,2019-03-31 10:00:00
3,31,11,30.14704760160554,27.731968922458748,81.91754406042573,2019-03-31 11:00:00
3,31,12,29.88428999486185,27.668771140103257,81.80378805218587,2019-03-31 12:00:00
3,31,13,29.639719386068,27.65675466035961,81.7821583886473,2019-03-31 13:00:00
3,31,14,29.257156520102356,27.51144426642253,81.52059967956053,2019-03-31 14:00:00
3,31,15,29.284119062517487,27.479845375244782,81.46372167544061,2019-03-31 15:00:00
3,31,16,29.073378813546388,27.42065308613718,81.35717555504692,2019-03-31 16:00:00
3,31,17,28.79256139065672,27.463378347447932,81.43408102540629,2019-03-31 17:00:00
3,31,18,28.597973230773928,27.465158566669214,81.43728542000457,2019-03-31 18:00:00
3,31,19,28.592735652851946,27.4394667665439,81.39104017977903,2019-03-31 19:00:00
3,31,20,28.124856920470666,27.533919534091197,81.56105516136415,2019-03-31 20:00:00
3,31,21,27.752850144224166,27.529023931232675,81.5522430762188,2019-03-31 21:00:00
3,31,22,27.92937848796097,27.525018437984798,81.54503318837261,2019-03-31 22:00:00
3,31,23,27.938789941445492,27.43422725769945,81.381609063859,2019-03-31 23:00:00
4,1,0,28.038500475659948,27.476507464204882,81.45771343556878,2019-04-01 00:00:00
4,1,1,28.93856610147073,27.668326085297934,81.80298695353629,2019-04-01 01:00:00
4,1,2,28.081360743555702,27.492529437196406,81.48655298695354,2019-04-01 02:00:00
4,1,3,28.339158259949432,27.35367233793647,81.23661020828563,2019-04-01 03:00:00
4,1,4,28.822957841775658,27.480735484855416,81.46532387273976,2019-04-01 04:00:00
4,1,5,29.586303028453116,27.586436001118997,81.65558480201419,2019-04-01 05:00:00
4,1,6,29.452126225396682,27.510776684214544,81.51939803158618,2019-04-01 06:00:00
4,1,7,29.277632790521395,27.474949772386257,81.45490959029526,2019-04-01 07:00:00
4,1,8,28.998723094689396,27.483850868492677,81.47093156328681,2019-04-01 08:00:00
4,1,9,28.972269279489648,27.4311118740622,81.37600137331195,2019-04-01 09:00:00
4,1,10,28.99274554990868,27.378595407034407,81.28147173266193,2019-04-01 10:00:00
4,1,11,29.034079636158296,27.35990310521095,81.2478255893797,2019-04-01 11:00:00
4,1,12,29.171181620703162,27.3138399328603,81.16491187914853,2019-04-01 12:00:00
4,1,13,29.57841775661473,27.3093893848071,81.15690089265276,2019-04-01 13:00:00
4,1,14,29.998372072910787,27.251309732712798,81.05235751888303,2019-04-01 14:00:00
4,1,15,30.2388728639816,27.22549655400422,81.00589379720759,2019-04-01 15:00:00
4,1,16,30.14463114733249,27.219488314132395,80.9950789654383,2019-04-01 16:00:00
4,1,17,30.023808433679772,27.208806998804704,80.97585259784846,2019-04-01 17:00:00
4,1,18,29.908072992180866,27.230169629460082,81.01430533302816,2019-04-01 18:00:00
4,1,19,29.62707057757651,27.282645636960122,81.1087621465282,2019-04-01 19:00:00
4,1,20,29.20513916232977,27.262658630248467,81.07278553444723,2019-04-01 20:00:00
4,1,21,29.01563827460077,27.218375677119095,80.99307621881437,2019-04-01 21:00:00
4,1,22,28.461252791640593,27.33208717987843,81.19775692378118,2019-04-01 22:00:00
4,1,23,28.52573396618999,27.185441621525396,80.9337949187457,2019-04-01 23:00:00
4,2,0,28.757967940010886,27.120241092545967,80.81643396658274,2019-04-02 00:00:00
4,2,1,29.386246051004992,27.126694387223107,80.82804989700159,2019-04-02 01:00:00
4,2,2,29.379251051793513,27.160518552427458,80.8889333943694,2019-04-02 02:00:00
4,2,3,29.838250181869984,27.18076854606953,80.92538338292515,2019-04-02 03:00:00
4,2,4,30.4926005626523,27.21748556750845,80.99147402151522,2019-04-02 04:00:00
4,2,5,30.918532423729072,27.3685816739147,81.26344701304646,2019-04-02 05:00:00
4,2,6,30.337311580157607,27.431556928867526,81.37680247196154,2019-04-02 06:00:00
4,2,7,30.197665959535836,27.357900358587006,81.24422064545661,2019-04-02 07:00:00
4,2,8,30.343289124938323,27.350111899493907,81.23020141908903,2019-04-02 08:00:00
4,2,9,30.323575945342345,27.366133872485435,81.25904097047378,2019-04-02 09:00:00
4,2,10,30.125299513148054,27.310947076625713,81.1597047379263,2019-04-02 10:00:00
4,2,11,29.949915805645848,27.27734543882403,81.09922178988326,2019-04-02 11:00:00
4,2,12,29.84231999959302,27.25954324661122,81.0671778439002,2019-04-02 12:00:00
4,2,13,29.851985816685232,27.206581724778108,80.97184710460057,2019-04-02 13:00:00
4,2,14,30.064379429106314,27.237513033747863,81.02752346074615,2019-04-02 14:00:00
4,2,15,29.836088091204612,27.15962844281682,80.88733119707025,2019-04-02 15:00:00
4,2,16,29.60970448036059,27.075735612013933,80.73632410162509,2019-04-02 16:00:00
4,2,17,29.88390844945032,27.094427913837382,80.76997024490728,2019-04-02 17:00:00
4,2,18,29.837822388529773,27.2331231749863,81.01962171497533,2019-04-02 18:00:00
4,2,19,29.499819401838536,27.153842730347648,80.87691691462577,2019-04-02 19:00:00
4,2,20,29.496767038546256,27.22772182803082,81.00989929045548,2019-04-02 20:00:00
4,2,21,29.560612304076432,27.298708069479403,81.13767452506293,2019-04-02 21:00:00
4,2,22,29.692627016467497,27.372142112357263,81.26985580224306,2019-04-02 22:00:00
4,2,23,29.68512329004065,27.42198825055313,81.35957885099562,2019-04-02 23:00:00
4,3,0,29.348091509851503,27.438677805752647,81.38962005035476,2019-04-03 00:00:00
4,3,1,29.900950811165544,27.30427125454592,81.14768825818264,2019-04-03 01:00:00
4,3,2,30.112835696371246,27.69280409959055,81.84704737926299,2019-04-03 02:00:00
4,3,3,30.51333119667903,27.97897433941151,82.36215381094073,2019-04-03 03:00:00
4,3,4,31.24742456847214,28.137413850105546,82.64734493018999,2019-04-03 04:00:00
4,3,5,32.118111197594736,28.141864398158745,82.65535591668574,2019-04-03 05:00:00
4,3,6,33.905015541616436,27.895526563413956,82.21194781414512,2019-04-03 06:00:00
4,3,7,34.51218147317227,27.875944151979866,82.17669947356376,2019-04-03 07:00:00
4,3,8,35.07483377338237,27.374367386383863,81.27386129549093,2019-04-03 08:00:00
4,3,9,35.79099451083334,27.3400981663742,81.21217669947355,2019-04-03 09:00:00
4,3,10,36.14850256144153,27.32808168663055,81.19054703593498,2019-04-03 10:00:00
4,3,11,36.54950678896469,27.319848172732126,81.17572671091783,2019-04-03 11:00:00
4,3,12,36.683047683001895,27.357232776379032,81.24301899748224,2019-04-03 12:00:00
4,3,13,37.254857073088836,27.34543882403804,81.22178988326847,2019-04-03 13:00:00
4,3,14,36.92138638340736,27.40552122275629,81.32993820096132,2019-04-03 14:00:00
4,3,15,37.328240973907384,27.264216322067085,81.07558937972077,2019-04-03 15:00:00
4,3,16,38.420605487131745,27.249974568296835,81.0499542229343,2019-04-03 16:00:00
4,3,17,38.363350551437186,27.23166663198707,81.01699993757673,2019-04-03 17:00:00
4,3,18,37.98818735405889,27.067279570712852,80.72110322728314,2019-04-03 18:00:00
4,3,19,37.828447008429606,27.20902952620737,80.97625314717327,2019-04-03 19:00:00
4,3,20,37.97076344693212,27.220823478548358,80.99748226138702,2019-04-03 20:00:00
4,3,21,38.47491211737354,27.22126853335367,80.9982833600366,2019-04-03 21:00:00
4,3,22,38.55478229018818,27.282686096487875,81.10883497367819,2019-04-03 22:00:00
4,3,23,38.40597957968958,27.322741028966714,81.18093385214007,2019-04-03 23:00:00
4,4,0,38.55999674414582,27.371029475343963,81.26785305561913,2019-04-04 00:00:00
4,4,1,38.78663471859753,27.385716283919525,81.29428931105515,2019-04-04 01:00:00
4,4,2,38.99203333180715,27.38972177716741,81.30149919890134,2019-04-04 02:00:00
4,4,3,38.4091591247857,27.76112001220722,81.97001602197298,2019-04-04 03:00:00
4,4,4,37.97661380990899,28.120946822308685,82.61770428015565,2019-04-04 04:00:00
4,4,5,38.64698909797577,27.76601561506575,81.97882810711835,2019-04-04 05:00:00
4,4,6,38.65907136934104,27.66810355789528,81.80258640421151,2019-04-04 06:00:00
4,4,7,38.713886726798215,27.661205208412813,81.79016937514307,2019-04-04 07:00:00
4,4,8,38.68094663960238,27.640287632562757,81.75251773861298,2019-04-04 08:00:00
4,4,9,38.48826620677726,27.63583708450955,81.7445067521172,2019-04-04 09:00:00
4,4,10,38.318860044055775,27.634724447496257,81.74250400549325,2019-04-04 10:00:00
4,4,11,38.2906256836022,27.636949721522853,81.74650949874113,2019-04-04 11:00:00
4,4,12,38.28146859372536,27.650968947890444,81.7717441062028,2019-04-04 12:00:00
4,4,13,38.44744084774303,27.677894763612326,81.82021057450218,2019-04-04 13:00:00
4,4,14,38.557834653480455,27.624933241779203,81.72487983520256,2019-04-04 14:00:00
4,4,15,38.492971933519534,27.68991124335597,81.84184023804077,2019-04-04 15:00:00
4,4,16,38.78776779284998,27.550406791651927,81.59073222497346,2019-04-04 16:00:00
4,4,17,38.73270963376728,27.55862007578648,81.60551613641569,2019-04-04 17:00:00
4,4,18,38.58784955918787,27.56818875410087,81.62273975738155,2019-04-04 18:00:00
4,4,19,38.635034008414344,27.538592609547063,81.56946669718472,2019-04-04 19:00:00
4,4,20,38.823390259908734,27.722622771547012,81.90072098878461,2019-04-04 20:00:00
4,4,21,38.503782386846346,27.840339767554244,82.11261158159763,2019-04-04 21:00:00
4,4,22,38.81067207952424,27.75666946415402,81.96200503547723,2019-04-04 22:00:00
4,4,23,38.71045281809441,27.558397548383812,81.60511558709085,2019-04-04 23:00:00
4,5,0,38.68895909324461,27.530804150453964,81.55544747081711,2019-04-05 00:00:00
4,5,1,38.87171934536982,27.588883802548256,81.65999084458686,2019-04-05 01:00:00
4,5,2,38.648642461425766,27.903760077312384,82.22676813916229,2019-04-05 02:00:00
4,5,3,38.507216295550165,28.06865288268355,82.52357518883039,2019-04-05 03:00:00
4,5,4,38.66454018690638,28.149207802446522,82.66857404440375,2019-04-05 04:00:00
4,5,5,38.20299742075302,28.39020497952748,83.10236896314946,2019-04-05 05:00:00
4,5,6,39.282643753592886,28.045287505404243,82.48151750972762,2019-04-05 06:00:00
4,5,7,38.99190615000331,27.930240838228936,82.2744335088121,2019-04-05 07:00:00
4,5,8,38.925135702984704,27.909545789781546,82.23718242160679,2019-04-05 08:00:00
4,5,9,38.802913989489696,27.931353475242236,82.27643625543602,2019-04-05 09:00:00
4,5,10,38.55465510838433,27.901979858091096,82.22356374456399,2019-04-05 10:00:00
4,5,11,38.49004675203109,27.87483151496656,82.17469672693981,2019-04-05 11:00:00
4,5,12,38.41335612431258,27.907543043157602,82.23357747768368,2019-04-05 12:00:00
4,5,13,38.732328088355736,27.92289743394115,82.26121538109408,2019-04-05 13:00:00
4,5,14,38.99101587737639,27.85925459678035,82.14665827420463,2019-04-05 14:00:00
4,5,15,38.813215715601146,27.808073294168512,82.05453192950331,2019-04-05 15:00:00
4,5,16,42.419540551494215,27.482812407280246,81.46906233310446,2019-04-05 16:00:00
4,5,17,40.15467157264694,28.751812008850234,83.75326161593041,2019-04-05 17:00:00
4,5,18,38.48597693430806,29.76164136212202,85.57095445181965,2019-04-05 18:00:00
4,5,19,37.73776638228815,30.23295440095623,86.4193179217212,2019-04-05 19:00:00
4,5,20,37.235271075296716,30.65286360977595,87.1751544975967,2019-04-05 20:00:00
4,5,21,36.58918751176432,31.151992573942678,88.07358663309681,2019-04-05 21:00:00
4,5,22,36.026026484338836,31.479997965463753,88.66399633783475,2019-04-05 22:00:00
4,5,23,35.71265051966485,31.648228681874826,88.96681162737468,2019-04-05 23:00:00
4,6,0,35.47304000122095,31.640440222781717,88.9527924010071,2019-04-06 00:00:00
4,6,1,36.23587646068301,30.95394318557514,87.71709773403525,2019-04-06 01:00:00
4,6,2,36.143669652895426,30.963511863889533,87.73432135500116,2019-04-06 02:00:00
4,6,3,36.76317221942423,30.545605401693752,86.98208972304877,2019-04-06 03:00:00
4,6,4,36.297050908332444,30.85425090918339,87.5376516365301,2019-04-06 04:00:00
4,6,5,36.681394319551906,30.61325373210244,87.10385671778441,2019-04-06 05:00:00
4,6,6,37.02898218946019,30.387833473207706,86.69810025177385,2019-04-06 06:00:00
4,6,7,37.20754544205852,30.29615218331172,86.5330739299611,2019-04-06 07:00:00
4,6,8,37.393612421083695,30.19668243432262,86.35402838178072,2019-04-06 08:00:00
4,6,9,37.49205113725969,30.131481905343197,86.23666742961775,2019-04-06 09:00:00
4,6,10,37.53618322319388,30.14149563846291,86.25469214923324,2019-04-06 10:00:00
4,6,11,37.451352960029304,30.235402202385497,86.4237239642939,2019-04-06 11:00:00
4,6,12,37.336253427549615,30.31284173851124,86.56311512932024,2019-04-06 12:00:00
4,6,13,36.75159867527433,30.638844383408355,87.14991989013505,2019-04-06 13:00:00
4,6,14,36.48884106853064,30.681347117316452,87.2264248111696,2019-04-06 14:00:00
4,6,15,36.542257426145525,30.571863635207652,87.02935454337377,2019-04-06 15:00:00
4,6,16,36.572272331852936,30.51333892830803,86.92401007095447,2019-04-06 16:00:00
4,6,17,36.58299028932242,30.459365918281,86.82685865290583,2019-04-06 17:00:00
4,6,18,36.69665613601331,30.351116451768778,86.63200961318381,2019-04-06 18:00:00
4,6,19,36.86657102595017,30.227391215889725,86.40930418860152,2019-04-06 19:00:00
4,6,20,36.99464310242205,30.14305333028153,86.25749599450675,2019-04-06 20:00:00
4,6,21,36.781867944589436,30.33019887591872,86.59435797665368,2019-04-06 21:00:00
4,6,22,36.016869394462,30.978643727270413,87.76155870908678,2019-04-06 22:00:00
4,6,23,36.71039177082856,30.747882810711832,87.3461890592813,2019-04-06 23:00:00
4,7,0,37.09600700008647,30.71583886472877,87.28850995651179,2019-04-07 00:00:00
4,7,1,37.877030457498385,30.207363749650316,86.37325474937057,2019-04-07 01:00:00
4,7,2,37.991621262762685,30.142830802878862,86.25709544518196,2019-04-07 02:00:00
4,7,3,38.336665496594065,29.949677017369847,85.90941863126572,2019-04-07 03:00:00
4,7,4,38.65334818816802,29.793240253299757,85.62783245593955,2019-04-07 04:00:00
4,7,5,38.84946252969696,29.71135016912082,85.48043030441748,2019-04-07 05:00:00
4,7,6,38.957058335749785,29.664396887159537,85.39591439688716,2019-04-07 06:00:00
4,7,7,38.62091682818755,29.87802319371328,85.78044174868393,2019-04-07 07:00:00
4,7,8,38.651694824718035,29.882028686961153,85.78765163653009,2019-04-07 08:00:00
4,7,9,38.57347801535339,29.92809185931181,85.87056534676124,2019-04-07 09:00:00
4,7,10,38.648769643229606,29.892710002288847,85.80687800411992,2019-04-07 10:00:00
4,7,11,38.849844075108486,29.787009486025273,85.61661707484548,2019-04-07 11:00:00
4,7,12,39.059566869648826,29.695105668726637,85.45119020370794,2019-04-07 12:00:00
4,7,13,38.5226052938154,29.918300653594766,85.85294117647057,2019-04-07 13:00:00
4,7,14,37.80669891997211,30.122803336639453,86.22104600595101,2019-04-07 14:00:00
4,7,15,38.54816883638824,29.56692988479438,85.22047379262989,2019-04-07 15:00:00
4,7,16,38.99185990207464,29.292917733064222,84.7272519195156,2019-04-07 16:00:00
4,7,17,37.66298348162732,30.076295109483482,86.13733119707025,2019-04-07 17:00:00
4,7,18,37.734459655388186,29.99841051855242,85.99713893339437,2019-04-07 18:00:00
4,7,19,37.82971882646806,29.906506701253775,85.83171206225681,2019-04-07 19:00:00
4,7,20,37.798940829937585,29.88959461865161,85.8012703135729,2019-04-07 20:00:00
4,7,21,37.83773128011029,29.842863864092973,85.71715495536735,2019-04-07 21:00:00
4,7,22,38.330306406401824,29.56915515882098,85.22447928587776,2019-04-07 22:00:00
4,7,23,39.259496665293106,29.163932758576845,84.49507896543831,2019-04-07 23:00:00
4,8,0,38.99877396741093,29.39024312708222,84.902437628748,2019-04-08 00:00:00
4,8,1,39.38070092435735,29.168383306630044,84.50308995193407,2019-04-08 01:00:00
4,8,2,39.50826427361384,29.134336614023038,84.44180590524145,2019-04-08 02:00:00
4,8,3,39.72663543081564,28.97901248696625,84.16222247653927,2019-04-08 03:00:00
4,8,4,39.883832140368014,28.87464713511864,83.97436484321354,2019-04-08 04:00:00
4,8,5,39.912702409840826,28.8190152844536,83.87422751201647,2019-04-08 05:00:00
4,8,6,39.73312170281174,28.84683120978612,83.92429617761502,2019-04-08 06:00:00
4,8,7,39.144015587401874,28.899792731619232,84.01962691691463,2019-04-08 07:00:00
4,8,8,39.13651186097503,28.741130693522546,83.73403524834056,2019-04-08 08:00:00
4,8,9,39.09479622931389,28.66013071895426,83.58823529411765,2019-04-08 09:00:00
4,8,10,39.228082759743394,28.637877978688234,83.54818036163881,2019-04-08 10:00:00
4,8,11,39.20824239834359,28.527281859566134,83.34910734721905,2019-04-08 11:00:00
4,8,12,39.422670919626185,28.433375295643547,83.18007553215838,2019-04-08 12:00:00
4,8,13,39.784630333368945,28.38219399303171,83.08794918745708,2019-04-08 13:00:00
4,8,14,39.126210134863584,28.956982274102895,84.1225680933852,2019-04-08 14:00:00
4,8,15,38.027174357928445,29.813874612455518,85.66497430241992,2019-04-08 15:00:00
4,8,16,37.28983206914621,30.430113679713134,86.77420462348367,2019-04-08 16:00:00
4,8,17,37.04691482380233,30.613698786907765,87.10465781643397,2019-04-08 17:00:00
4,8,18,37.34273969954571,30.50221255817503,86.90398260471505,2019-04-08 18:00:00
4,8,19,37.61465439616623,30.538707052211294,86.96967269398033,2019-04-08 19:00:00
4,8,20,37.68574902451557,30.631500979120574,87.13670176241703,2019-04-08 20:00:00
4,8,21,37.07731127492127,30.946154726482035,87.70307850766767,2019-04-08 21:00:00
4,8,22,35.752204060660624,31.562778159253327,88.81300068665598,2019-04-08 22:00:00
4,8,23,34.51739592712991,31.929503318837252,89.47310597390708,2019-04-08 23:00:00
4,9,0,33.7810132828676,31.876986851809466,89.37857633325704,2019-04-09 00:00:00
4,9,1,34.17909232890232,31.14442664225223,88.05996795605404,2019-04-09 01:00:00
4,9,2,33.920404539881666,31.084566770936647,87.95222018768597,2019-04-09 02:00:00
4,9,3,33.733701651837265,31.234105185524275,88.2213893339437,2019-04-09 03:00:00
4,9,4,34.48127629483795,30.901649245949997,87.62296864271,2019-04-09 04:00:00
4,9,5,34.83547761854616,30.84846519671423,87.52723735408561,2019-04-09 05:00:00
4,9,6,35.6041644409851,30.483297728948916,86.86993591210806,2019-04-09 06:00:00
4,9,7,36.28891127288636,30.14260827547621,86.25669489585717,2019-04-09 07:00:00
4,9,8,36.318290269574554,30.214039571730122,86.38527122911421,2019-04-09 08:00:00
4,9,9,36.907777930395945,29.920525927621366,85.85694666971845,2019-04-09 09:00:00
4,9,10,36.87025929826168,30.015100073751942,86.02718013275347,2019-04-09 10:00:00
4,9,11,36.47421516108847,30.154624755219857,86.27832455939574,2019-04-09 11:00:00
4,9,12,36.23829291495607,30.07317972584623,86.13172350652322,2019-04-09 12:00:00
4,9,13,36.457172799373254,29.84019353526105,85.7123483634699,2019-04-09 13:00:00
4,9,14,36.29310827241326,30.32152030721498,86.57873655298697,2019-04-09 14:00:00
4,9,15,36.269845564291785,30.56909215755634,87.02436588360142,2019-04-09 15:00:00
4,9,16,36.531701336426394,30.489083441418074,86.88035019455253,2019-04-09 16:00:00
4,9,17,36.7868280349394,30.354899417613996,86.6388189517052,2019-04-09 17:00:00
4,9,18,36.38302580773164,30.684239973551026,87.23163195239187,2019-04-09 18:00:00
4,9,19,36.194415192629556,30.930577808295823,87.67504005493248,2019-04-09 19:00:00
4,9,20,36.17228555876053,31.019366241957226,87.83485923552303,2019-04-09 20:00:00
4,9,21,35.844665232055924,31.243673863838662,88.23861295490957,2019-04-09 21:00:00
4,9,22,35.16208049082002,31.705195696955826,89.06935225452048,2019-04-09 22:00:00
4,9,23,34.329802766458606,32.20944279138373,89.97699702449074,2019-04-09 23:00:00
4,10,0,34.55135346875652,31.909253325195195,89.43665598535135,2019-04-10 00:00:00
4,10,1,35.01785632525983,31.473099615981283,88.6515793087663,2019-04-10 01:00:00
4,10,2,35.012769053106034,31.517382569110655,88.73128862439917,2019-04-10 02:00:00
4,10,3,35.00958950800991,31.58992650237786,88.86186770428016,2019-04-10 03:00:00
4,10,4,35.46350136593258,31.317330434119174,88.37119478141453,2019-04-10 04:00:00
4,10,5,35.75678260559905,31.147096971084157,88.0647745479515,2019-04-10 05:00:00
4,10,6,35.8816751369748,31.08056127768877,87.94501029983978,2019-04-10 06:00:00
4,10,7,36.12904374545325,30.939256376999577,87.69066147859922,2019-04-10 07:00:00
4,10,8,36.53640706316867,30.676228987055264,87.21721217669948,2019-04-10 08:00:00
4,10,9,36.66308013979824,30.603462526385396,87.08623254749371,2019-04-10 09:00:00
4,10,10,36.595037874741195,30.67734162406857,87.21921492332342,2019-04-10 10:00:00
4,10,11,35.95226103810876,30.970410213371995,87.74673838406959,2019-04-10 11:00:00
4,10,12,36.240455005621435,30.68201469952443,87.22762645914396,2019-04-10 12:00:00
4,10,13,36.271105820348076,30.692473487449462,87.24645227740903,2019-04-10 13:00:00
4,10,14,36.51236970224196,30.621042191195546,87.11787594415198,2019-04-10 14:00:00
4,10,15,36.42766662088122,30.78415477734544,87.41147859922178,2019-04-10 15:00:00
4,10,16,36.46251443513474,30.85447343658605,87.53805218585488,2019-04-10 16:00:00
4,10,17,36.18169701224506,31.14042114900435,88.05275806820782,2019-04-10 17:00:00
4,10,18,36.1631284688837,31.18403651992574,88.13126573586635,2019-04-10 18:00:00
4,10,19,35.9687946726086,31.33602273594263,88.40484092469673,2019-04-10 19:00:00
4,10,20,35.8805305007402,31.359610640624606,88.44729915312428,2019-04-10 20:00:00
4,10,21,35.41148400815999,31.593486940820416,88.86827649347676,2019-04-10 21:00:00
4,10,22,35.085008317689976,31.723220416571298,89.10179674982832,2019-04-10 22:00:00
4,10,23,34.686293362636015,31.97512143638259,89.55521858548866,2019-04-10 23:00:00
4,11,0,34.873632159699646,31.743247882810707,89.13784618905929,2019-04-11 00:00:00
4,11,1,34.89461715733406,31.500470486508487,88.70084687571527,2019-04-11 01:00:00
4,11,2,34.40458566711943,31.396105134660868,88.51298924238957,2019-04-11 02:00:00
4,11,3,34.13216224328353,31.424143587396046,88.56345845731289,2019-04-11 03:00:00
4,11,4,34.27155350029761,31.301976043335628,88.34355687800412,2019-04-11 04:00:00
4,11,5,34.32166313101252,31.366063935301742,88.45891508354316,2019-04-11 05:00:00
4,11,6,34.87515834134579,31.121506319778238,88.01871137560083,2019-04-11 06:00:00
4,11,7,35.67004461537679,30.744544899671926,87.34018081940947,2019-04-11 07:00:00
4,11,8,35.92326358683211,30.677786678873883,87.220016021973,2019-04-11 08:00:00
4,11,9,35.94132340297809,30.71405864550749,87.28530556191349,2019-04-11 09:00:00
4,11,10,35.733253971887734,30.89497342387021,87.61095216296637,2019-04-11 10:00:00
4,11,11,35.09543722560526,31.25302001475039,88.25543602655073,2019-04-11 11:00:00
4,11,12,35.21575121204258,31.111047531853206,87.99988555733579,2019-04-11 12:00:00
4,11,13,35.4944065442669,30.97595316867462,87.75671570361432,2019-04-11 13:00:00
4,11,14,35.48257863650932,31.096360723277638,87.97344930189975,2019-04-11 14:00:00
4,11,15,34.6098570985252,31.333574934513365,88.40043488212406,2019-04-11 15:00:00
4,11,16,33.05060818338598,31.543863330027207,88.77895399404899,2019-04-11 16:00:00
4,11,17,31.531675900065625,31.675822079804686,89.01647974364845,2019-04-11 17:00:00
4,11,18,30.501884834332984,31.521610589761206,88.73889906157014,2019-04-11 18:00:00
4,11,19,29.606016208049088,31.48088807507439,88.66559853513388,2019-04-11 19:00:00
4,11,20,28.924830466655475,31.462863355458918,88.63315403982604,2019-04-11 20:00:00
4,11,21,28.289430174646053,31.380750743877325,88.48535133897917,2019-04-11 21:00:00
4,11,22,27.48068108399595,31.5523193713283,88.79417486839093,2019-04-11 22:00:00
4,11,23,26.90721833045902,31.484225986114286,88.67160677500573,2019-04-11 23:00:00
4,12,0,26.271309311234223,31.62419572238753,88.92355230029754,2019-04-12 00:00:00
4,12,1,27.128260305541563,31.388539202970424,88.49937056534678,2019-04-12 01:00:00
4,12,2,27.549613621679914,31.32578647542026,88.38641565575647,2019-04-12 02:00:00
4,12,3,28.366629529579942,30.81486355891254,87.46675440604257,2019-04-12 03:00:00
4,12,4,29.119037081126724,30.36825106177361,86.66285191119249,2019-04-12 04:00:00
4,12,5,29.55972203144952,30.190896721853463,86.34361409933622,2019-04-12 05:00:00
4,12,6,29.66223056534855,30.223830777447173,86.40289539940493,2019-04-12 06:00:00
4,12,7,29.58693893747234,30.291701635258516,86.52506294346533,2019-04-12 07:00:00
4,12,8,29.389934323316492,30.376039520866716,86.6768711375601,2019-04-12 08:00:00
4,12,9,29.18072025599153,30.49753948271916,86.89557106889451,2019-04-12 09:00:00
4,12,10,29.53784676118818,30.171759365224688,86.30916685740443,2019-04-12 10:00:00
4,12,11,29.34389451032462,30.20625111263701,86.3712520027466,2019-04-12 11:00:00
4,12,12,29.35943381435804,30.009294131518892,86.016729436734,2019-04-12 12:00:00
4,12,13,29.38548296018192,29.89404516670481,85.80928130006865,2019-04-12 13:00:00
4,12,14,32.9391969232178,26.484035248340582,79.67126344701303,2019-04-12 14:00:00
4,12,15,28.530185329324567,28.71798784364589,83.6923781185626,2019-04-12 15:00:00
4,12,16,27.9577400302184,29.16126242974492,84.49027237354083,2019-04-12 16:00:00
4,12,17,28.11684446682844,29.135004196231023,84.44300755321585,2019-04-12 17:00:00
4,13,14,43.412067348700276,26.635428057950378,79.94377050431068,2019-04-13 14:00:00
4,13,15,38.35256322207469,29.118314641031514,84.4129663538567,2019-04-13 15:00:00
4,13,16,37.47946013867904,29.410938175529612,84.9396887159533,2019-04-13 16:00:00
4,13,17,37.49345013710199,29.23091350677755,84.61564431219958,2019-04-13 17:00:00
4,13,18,36.77309240012413,29.844421555911595,85.71995880064087,2019-04-13 18:00:00
4,13,19,37.37199151443004,29.532215609979392,85.15798809796291,2019-04-13 19:00:00
4,13,20,37.543686949620735,29.341509625899644,84.81471732661936,2019-04-13 20:00:00
4,13,21,36.321851360082206,29.845311665522242,85.72156099794002,2019-04-13 21:00:00
4,13,22,31.93407912743108,32.475808092367956,90.45645456626231,2019-04-13 22:00:00
4,13,23,33.68613565719925,30.566300450141146,87.01934081025406,2019-04-13 23:00:00
4,14,0,32.676693680081804,30.56274001169859,87.01293202105747,2019-04-14 00:00:00
4,14,1,32.070926748368244,30.232731873553575,86.41891737239644,2019-04-14 01:00:00
4,14,2,31.099003403385073,30.22472088705781,86.40449759670406,2019-04-14 02:00:00
4,14,3,30.588877188162936,29.757635868874132,85.56374456397344,2019-04-14 03:00:00
4,14,4,29.8060731854972,29.620781516238136,85.31740672922864,2019-04-14 04:00:00
4,14,5,29.97891325692251,28.937177335266142,84.08691920347906,2019-04-14 05:00:00
4,14,6,30.454318839694963,28.14876274764121,82.66777294575418,2019-04-14 06:00:00
4,14,7,30.550086737990227,27.734194196485348,81.92154955367361,2019-04-14 07:00:00
4,14,8,30.053060248564123,27.961839729406687,82.33131151293203,2019-04-14 08:00:00
4,14,9,29.528562489507497,28.292292922357007,82.92612726024262,2019-04-14 09:00:00
4,14,10,29.30726615081727,28.355268177309835,83.0394827191577,2019-04-14 10:00:00
4,14,11,29.24202188544481,28.334128074057116,83.00143053330281,2019-04-14 11:00:00
4,14,12,29.221938722419466,28.324559395742735,82.98420691233692,2019-04-14 12:00:00
4,14,13,29.325198785159404,28.49056483812721,83.28301670862898,2019-04-14 13:00:00
4,14,14,29.586684573864655,28.417353322652023,83.15123598077365,2019-04-14 14:00:00
4,14,15,29.408502866677853,28.563108771394425,83.41359578850995,2019-04-14 15:00:00
4,14,16,29.19496461802217,28.692174664937315,83.64591439688716,2019-04-14 16:00:00
4,14,17,29.046034725719725,28.772507057297627,83.79051270313573,2019-04-14 17:00:00
4,14,18,29.129465989042018,28.647669184405277,83.56580453192952,2019-04-14 18:00:00
4,14,19,29.389552777904964,28.366172020040185,83.05910963607234,2019-04-14 19:00:00
4,14,20,28.811638661233463,28.484779125658047,83.2726024261845,2019-04-14 20:00:00
4,14,21,27.13894357706454,29.872014953841454,85.76962691691462,2019-04-14 21:00:00
4,14,22,24.99732918211926,31.86652806388444,89.359750514992,2019-04-14 22:00:00
4,14,23,26.651837268338344,30.214484626535448,86.38607232776378,2019-04-14 23:00:00
