Month,Day,Hour,Concentration,AQI,Date,Count
3,11,0,50.06944444444444,135.93333333333334,2019-03-11 00:00:00,45
3,11,1,49.796542553191486,134.80851063829786,2019-03-11 01:00:00,47
3,11,2,48.109375,130.5625,2019-03-11 02:00:00,48
3,11,3,46.583333333333336,127.35555555555555,2019-03-11 03:00:00,45
3,11,4,43.92875,121.26,2019-03-11 04:00:00,50
3,11,5,38.875,108.7872340425532,2019-03-11 05:00:00,47
3,11,6,37.058510638297875,104.51063829787235,2019-03-11 06:00:00,47
3,11,7,34.01171875,97.66666666666667,2019-03-11 07:00:00,48
3,11,8,32.78333333333333,94.68888888888888,2019-03-11 08:00:00,45
3,11,9,35.3775,100.72,2019-03-11 09:00:00,50
3,11,10,35.05416666666667,99.93333333333334,2019-03-11 10:00:00,45
3,11,11,30.13848039215686,88.7843137254902,2019-03-11 11:00:00,51
3,11,12,27.85372340425532,83.95744680851064,2019-03-11 12:00:00,47
3,11,13,28.262755102040817,84.73469387755102,2019-03-11 13:00:00,49
3,11,14,29.618351063829788,87.57446808510639,2019-03-11 14:00:00,47
3,11,15,27.089285714285715,82.14285714285714,2019-03-11 15:00:00,49
3,11,16,36.255434782608695,94.8913043478261,2019-03-11 16:00:00,46
3,11,17,41.62259615384615,98.53846153846153,2019-03-11 17:00:00,52
3,11,18,52.807870370370374,110.74074074074075,2019-03-11 18:00:00,54
3,11,19,59.942401960784316,118.80392156862744,2019-03-11 19:00:00,51
3,11,20,69.57978723404256,133.80851063829786,2019-03-11 20:00:00,47
3,11,21,81.46301020408163,149.6326530612245,2019-03-11 21:00:00,49
3,11,22,89.50375,164.16,2019-03-11 22:00:00,50
3,11,23,81.82047872340425,158.9787234042553,2019-03-11 23:00:00,47
3,12,0,84.06901041666667,164.41666666666666,2019-03-12 00:00:00,48
3,12,1,93.84042553191489,175.80851063829786,2019-03-12 01:00:00,47
3,12,2,89.52864583333333,172.14583333333334,2019-03-12 02:00:00,48
3,12,3,92.74468085106383,173.40425531914894,2019-03-12 03:00:00,47
3,12,4,89.13696808510639,170.08510638297872,2019-03-12 04:00:00,47
3,12,5,83.69021739130434,160.80434782608697,2019-03-12 05:00:00,46
3,12,6,84.40755208333333,163.02083333333334,2019-03-12 06:00:00,48
3,12,7,78.48537234042553,159.25531914893617,2019-03-12 07:00:00,47
3,12,8,70.05859375,148.79166666666666,2019-03-12 08:00:00,48
3,12,9,64.83035714285714,140.9387755102041,2019-03-12 09:00:00,49
3,12,10,60.205555555555556,132.9111111111111,2019-03-12 10:00:00,45
3,12,11,47.97826086956522,108.32608695652173,2019-03-12 11:00:00,46
3,12,12,43.130208333333336,99.39583333333333,2019-03-12 12:00:00,48
3,12,13,39.94813829787234,94.40425531914893,2019-03-12 13:00:00,47
3,12,14,41.833333333333336,96.72916666666667,2019-03-12 14:00:00,48
3,12,15,42.96675531914894,97.29787234042553,2019-03-12 15:00:00,47
3,12,16,45.110054347826086,99.8695652173913,2019-03-12 16:00:00,46
3,12,17,42.53846153846154,97.76923076923077,2019-03-12 17:00:00,52
3,12,18,39.30570652173913,95.1086956521739,2019-03-12 18:00:00,46
3,12,19,41.336436170212764,97.40425531914893,2019-03-12 19:00:00,47
3,12,20,44.21941489361702,106.48936170212765,2019-03-12 20:00:00,47
3,12,21,54.66304347826087,120.0,2019-03-12 21:00:00,46
3,12,22,62.782552083333336,134.08333333333334,2019-03-12 22:00:00,48
3,12,23,64.15234375,136.75,2019-03-12 23:00:00,48
3,13,0,65.79255319148936,141.3404255319149,2019-03-13 00:00:00,47
3,13,1,69.44813829787235,147.38297872340425,2019-03-13 01:00:00,47
3,13,2,65.23611111111111,142.22222222222223,2019-03-13 02:00:00,45
3,13,3,62.83875,141.32,2019-03-13 03:00:00,50
3,13,4,56.43194444444445,124.88888888888889,2019-03-13 04:00:00,45
3,13,5,45.114583333333336,106.875,2019-03-13 05:00:00,48
3,13,6,51.962765957446805,116.34042553191489,2019-03-13 06:00:00,47
3,13,7,60.93617021276596,131.5744680851064,2019-03-13 07:00:00,47
3,13,8,77.69680851063829,157.14893617021278,2019-03-13 08:00:00,47
3,13,9,79.66576086956522,162.7608695652174,2019-03-13 09:00:00,46
3,13,10,73.52127659574468,155.80851063829786,2019-03-13 10:00:00,47
3,13,11,63.875,135.66666666666666,2019-03-13 11:00:00,48
3,13,12,44.5093085106383,98.36170212765957,2019-03-13 12:00:00,47
3,13,13,25.65561224489796,68.44897959183673,2019-03-13 13:00:00,49
3,13,14,14.320478723404255,47.212765957446805,2019-03-13 14:00:00,47
3,13,15,8.828804347826088,33.23913043478261,2019-03-13 15:00:00,46
3,13,16,11.044270833333334,39.083333333333336,2019-03-13 16:00:00,48
3,13,17,14.191576086956522,46.76086956521739,2019-03-13 17:00:00,46
3,13,18,12.02127659574468,41.95744680851064,2019-03-13 18:00:00,47
3,13,19,12.091145833333334,40.833333333333336,2019-03-13 19:00:00,48
3,13,20,15.60054347826087,49.76086956521739,2019-03-13 20:00:00,46
3,13,21,18.502551020408163,61.204081632653065,2019-03-13 21:00:00,49
3,13,22,26.12638888888889,77.04444444444445,2019-03-13 22:00:00,45
3,13,23,32.963541666666664,86.04166666666667,2019-03-13 23:00:00,48
3,14,0,37.014627659574465,89.76595744680851,2019-03-14 00:00:00,47
3,14,1,37.30298913043478,90.5,2019-03-14 01:00:00,46
3,14,2,42.160714285714285,100.65306122448979,2019-03-14 02:00:00,49
3,14,3,53.67663043478261,120.84782608695652,2019-03-14 03:00:00,46
3,14,4,79.38541666666667,159.10416666666666,2019-03-14 04:00:00,48
3,14,5,87.0,168.82608695652175,2019-03-14 05:00:00,46
3,14,6,109.54036458333333,185.125,2019-03-14 06:00:00,48
3,14,7,117.8274456521739,190.06521739130434,2019-03-14 07:00:00,46
3,14,8,91.23670212765957,170.27659574468086,2019-03-14 08:00:00,47
3,14,9,58.837239583333336,140.25,2019-03-14 09:00:00,48
3,14,10,39.461436170212764,105.72340425531915,2019-03-14 10:00:00,47
3,14,11,21.345744680851062,63.4468085106383,2019-03-14 11:00:00,47
3,14,12,19.30186170212766,51.638297872340424,2019-03-14 12:00:00,47
3,14,13,14.90558510638298,45.212765957446805,2019-03-14 13:00:00,47
3,14,14,12.179166666666667,40.31111111111111,2019-03-14 14:00:00,45
3,14,15,10.78061224489796,37.51020408163265,2019-03-14 15:00:00,49
3,14,16,9.316576086956522,32.608695652173914,2019-03-14 16:00:00,46
3,14,17,9.296875,32.520833333333336,2019-03-14 17:00:00,48
3,14,18,8.351063829787234,30.340425531914892,2019-03-14 18:00:00,47
3,14,19,7.565217391304348,29.108695652173914,2019-03-14 19:00:00,46
3,14,20,7.099734042553192,26.127659574468087,2019-03-14 20:00:00,47
3,14,21,10.563858695652174,33.15217391304348,2019-03-14 21:00:00,46
3,14,22,6.658244680851064,24.76595744680851,2019-03-14 22:00:00,47
3,14,23,6.0777777777777775,23.57777777777778,2019-03-14 23:00:00,45
3,15,0,6.0,22.108695652173914,2019-03-15 00:00:00,46
3,15,1,6.583806818181818,23.0,2019-03-15 01:00:00,44
3,15,2,7.381793478260869,25.130434782608695,2019-03-15 02:00:00,46
3,15,3,9.706521739130435,30.41304347826087,2019-03-15 03:00:00,46
3,15,4,8.811170212765957,28.74468085106383,2019-03-15 04:00:00,47
3,15,5,8.001329787234043,27.404255319148938,2019-03-15 05:00:00,47
3,15,6,10.223611111111111,33.24444444444445,2019-03-15 06:00:00,45
3,15,7,12.90375,40.36,2019-03-15 07:00:00,50
3,15,8,14.733333333333333,46.28888888888889,2019-03-15 08:00:00,45
3,15,9,12.981770833333334,42.020833333333336,2019-03-15 09:00:00,48
3,15,10,15.345744680851064,47.97872340425532,2019-03-15 10:00:00,47
3,15,11,12.475,39.31111111111111,2019-03-15 11:00:00,45
3,15,12,12.363520408163266,37.87755102040816,2019-03-15 12:00:00,49
3,15,13,12.590277777777779,38.666666666666664,2019-03-15 13:00:00,45
3,15,14,12.272606382978724,36.680851063829785,2019-03-15 14:00:00,47
3,15,15,7.139945652173913,24.652173913043477,2019-03-15 15:00:00,46
3,15,16,8.422222222222222,29.022222222222222,2019-03-15 16:00:00,45
3,15,17,8.896875,30.75,2019-03-15 17:00:00,40
3,15,18,10.703125,36.285714285714285,2019-03-15 18:00:00,28
3,15,19,30.803571428571427,90.71428571428571,2019-03-15 19:00:00,14
3,15,20,24.90625,76.32142857142857,2019-03-15 20:00:00,28
3,15,21,20.334821428571427,66.0,2019-03-15 21:00:00,28
3,15,22,22.220982142857142,71.10714285714286,2019-03-15 22:00:00,28
3,15,23,25.078125,78.0,2019-03-15 23:00:00,28
3,16,0,25.24137931034483,79.03448275862068,2019-03-16 00:00:00,29
3,16,1,25.241071428571427,78.35714285714286,2019-03-16 01:00:00,28
3,16,2,27.729910714285715,83.92857142857143,2019-03-16 02:00:00,28
3,16,3,32.27370689655172,94.13793103448276,2019-03-16 03:00:00,29
3,16,4,40.94827586206897,112.17241379310344,2019-03-16 04:00:00,29
3,16,5,46.10344827586207,117.51724137931035,2019-03-16 05:00:00,29
3,16,6,43.65625,116.63888888888889,2019-03-16 06:00:00,36
3,16,7,42.4391447368421,115.52631578947368,2019-03-16 07:00:00,38
3,16,8,40.09935897435897,111.48717948717949,2019-03-16 08:00:00,39
3,16,9,33.88782051282051,97.6923076923077,2019-03-16 09:00:00,39
3,16,10,33.52467105263158,94.76315789473684,2019-03-16 10:00:00,38
3,16,11,29.45888157894737,87.97368421052632,2019-03-16 11:00:00,38
3,16,12,27.04222972972973,82.94594594594595,2019-03-16 12:00:00,37
3,16,13,24.72532894736842,78.02631578947368,2019-03-16 13:00:00,38
3,16,14,19.8734375,66.375,2019-03-16 14:00:00,40
3,16,15,22.825,73.325,2019-03-16 15:00:00,40
3,16,16,22.238372093023255,71.3953488372093,2019-03-16 16:00:00,43
3,16,17,18.45394736842105,61.76315789473684,2019-03-16 17:00:00,38
3,16,18,18.852430555555557,61.833333333333336,2019-03-16 18:00:00,36
3,16,19,19.625,64.82051282051282,2019-03-16 19:00:00,39
3,16,20,22.510135135135137,72.02702702702703,2019-03-16 20:00:00,37
3,16,21,21.72804054054054,70.83783783783784,2019-03-16 21:00:00,37
3,16,22,23.33388157894737,73.6842105263158,2019-03-16 22:00:00,38
3,16,23,25.133223684210527,78.34210526315789,2019-03-16 23:00:00,38
3,17,0,24.557692307692307,77.41025641025641,2019-03-17 00:00:00,39
3,17,1,28.83783783783784,86.10810810810811,2019-03-17 01:00:00,37
3,17,2,31.92269736842105,88.86842105263158,2019-03-17 02:00:00,38
3,17,3,36.2328125,94.55,2019-03-17 03:00:00,40
3,17,4,37.548611111111114,97.55555555555556,2019-03-17 04:00:00,36
3,17,5,41.145833333333336,100.76923076923077,2019-03-17 05:00:00,39
3,17,6,33.25675675675676,93.32432432432432,2019-03-17 06:00:00,37
3,17,7,34.4421875,95.4,2019-03-17 07:00:00,40
3,17,8,31.46875,89.34210526315789,2019-03-17 08:00:00,38
3,17,9,33.92628205128205,93.12820512820512,2019-03-17 09:00:00,39
3,17,10,32.94207317073171,90.21951219512195,2019-03-17 10:00:00,41
3,17,11,36.24342105263158,97.92105263157895,2019-03-17 11:00:00,38
3,17,12,39.42763157894737,100.89473684210526,2019-03-17 12:00:00,38
3,17,13,39.5859375,100.8,2019-03-17 13:00:00,40
3,17,14,45.83783783783784,108.8108108108108,2019-03-17 14:00:00,37
3,17,15,49.90384615384615,114.87179487179488,2019-03-17 15:00:00,39
3,17,16,50.86513157894737,117.63157894736842,2019-03-17 16:00:00,38
3,17,17,50.842261904761905,116.97619047619048,2019-03-17 17:00:00,42
3,17,18,47.631410256410255,114.51282051282051,2019-03-17 18:00:00,39
3,17,19,43.9375,109.45945945945945,2019-03-17 19:00:00,37
3,17,20,44.921875,114.3,2019-03-17 20:00:00,40
3,17,21,47.957770270270274,118.64864864864865,2019-03-17 21:00:00,37
3,17,22,49.7516447368421,120.73684210526316,2019-03-17 22:00:00,38
3,17,23,45.19407894736842,112.39473684210526,2019-03-17 23:00:00,38
3,18,0,52.1233552631579,125.3157894736842,2019-03-18 00:00:00,38
3,18,1,52.97256097560975,125.46341463414635,2019-03-18 01:00:00,41
3,18,2,68.75347222222223,144.05555555555554,2019-03-18 02:00:00,36
3,18,3,84.86184210526316,155.89473684210526,2019-03-18 03:00:00,38
3,18,4,91.25160256410257,165.51282051282053,2019-03-18 04:00:00,39
3,18,5,95.54769736842105,170.02631578947367,2019-03-18 05:00:00,38
3,18,6,92.72596153846153,170.23076923076923,2019-03-18 06:00:00,39
3,18,7,94.5945945945946,170.56756756756758,2019-03-18 07:00:00,37
3,18,8,90.44070512820512,168.53846153846155,2019-03-18 08:00:00,39
3,18,9,94.58614864864865,169.8918918918919,2019-03-18 09:00:00,37
3,18,10,87.77364864864865,163.6216216216216,2019-03-18 10:00:00,37
3,18,11,84.18585526315789,161.42105263157896,2019-03-18 11:00:00,38
3,18,12,88.14358108108108,164.3783783783784,2019-03-18 12:00:00,37
3,18,13,84.6046875,160.85,2019-03-18 13:00:00,40
3,18,14,94.14802631578948,167.57894736842104,2019-03-18 14:00:00,38
3,18,15,84.77631578947368,162.31578947368422,2019-03-18 15:00:00,38
3,18,16,87.45777027027027,163.9189189189189,2019-03-18 16:00:00,37
3,18,17,116.99177631578948,186.8684210526316,2019-03-18 17:00:00,38
3,18,18,148.16047297297297,213.59459459459458,2019-03-18 18:00:00,37
3,18,19,143.62993421052633,206.8421052631579,2019-03-18 19:00:00,38
3,18,20,139.48355263157896,203.76315789473685,2019-03-18 20:00:00,38
3,18,21,152.36148648648648,214.27027027027026,2019-03-18 21:00:00,37
3,18,22,144.04934210526315,209.28947368421052,2019-03-18 22:00:00,38
3,18,23,141.96052631578948,207.76315789473685,2019-03-18 23:00:00,38
3,19,0,124.64224137931035,197.10344827586206,2019-03-19 00:00:00,29
3,19,1,106.50669642857143,182.32142857142858,2019-03-19 01:00:00,28
3,19,2,122.57175925925925,196.37037037037038,2019-03-19 02:00:00,27
3,19,3,145.94166666666666,215.93333333333334,2019-03-19 03:00:00,30
3,19,4,152.75925925925927,218.96296296296296,2019-03-19 04:00:00,27
3,19,5,147.453125,213.32142857142858,2019-03-19 05:00:00,28
3,19,6,139.2823275862069,206.93103448275863,2019-03-19 06:00:00,29
3,19,7,127.26388888888889,199.22222222222223,2019-03-19 07:00:00,27
3,19,8,137.38333333333333,201.76666666666668,2019-03-19 08:00:00,30
3,19,9,131.11342592592592,197.03703703703704,2019-03-19 09:00:00,27
3,19,10,118.59953703703704,191.11111111111111,2019-03-19 10:00:00,27
3,19,11,122.59583333333333,194.83333333333334,2019-03-19 11:00:00,30
3,19,12,126.86805555555556,198.85185185185185,2019-03-19 12:00:00,27
3,19,13,130.99791666666667,201.7,2019-03-19 13:00:00,30
3,19,14,159.13425925925927,222.1851851851852,2019-03-19 14:00:00,27
3,19,15,159.02008928571428,225.42857142857142,2019-03-19 15:00:00,28
3,19,16,170.09375,234.46428571428572,2019-03-19 16:00:00,28
3,19,17,177.64732142857142,240.46428571428572,2019-03-19 17:00:00,28
3,19,18,197.9676724137931,256.17241379310343,2019-03-19 18:00:00,29
3,19,19,195.14732142857142,251.71428571428572,2019-03-19 19:00:00,28
3,19,20,180.98706896551724,240.55172413793105,2019-03-19 20:00:00,29
3,19,21,165.80803571428572,226.71428571428572,2019-03-19 21:00:00,28
3,19,22,204.84765625,258.625,2019-03-19 22:00:00,32
3,19,23,252.56919642857142,293.42857142857144,2019-03-19 23:00:00,28
3,20,0,285.24776785714283,318.5357142857143,2019-03-20 00:00:00,28
3,20,1,316.8448275862069,342.0344827586207,2019-03-20 01:00:00,29
3,20,2,344.078125,366.7142857142857,2019-03-20 02:00:00,28
3,20,3,370.3448275862069,390.6551724137931,2019-03-20 03:00:00,29
3,20,4,354.65277777777777,377.55555555555554,2019-03-20 04:00:00,27
3,20,5,306.85044642857144,339.32142857142856,2019-03-20 05:00:00,28
3,20,6,253.58836206896552,298.62068965517244,2019-03-20 06:00:00,29
3,20,7,234.48214285714286,284.0357142857143,2019-03-20 07:00:00,28
3,20,8,237.60044642857142,287.5357142857143,2019-03-20 08:00:00,28
3,20,9,214.84821428571428,268.17857142857144,2019-03-20 09:00:00,28
3,20,10,216.71428571428572,271.2857142857143,2019-03-20 10:00:00,28
3,20,11,219.12276785714286,272.10714285714283,2019-03-20 11:00:00,28
3,20,12,230.7456896551724,280.3103448275862,2019-03-20 12:00:00,29
3,20,13,232.921875,280.92857142857144,2019-03-20 13:00:00,28
3,20,14,230.73883928571428,278.9642857142857,2019-03-20 14:00:00,28
3,20,15,243.45758928571428,289.64285714285717,2019-03-20 15:00:00,28
3,20,16,241.2198275862069,286.0689655172414,2019-03-20 16:00:00,29
3,20,17,241.39285714285714,286.92857142857144,2019-03-20 17:00:00,28
3,20,18,218.03571428571428,268.25,2019-03-20 18:00:00,28
3,20,19,183.27678571428572,241.25,2019-03-20 19:00:00,28
3,20,20,171.1875,229.67857142857142,2019-03-20 20:00:00,28
3,20,21,153.40086206896552,217.24137931034483,2019-03-20 21:00:00,29
3,20,22,158.0625,223.03703703703704,2019-03-20 22:00:00,27
3,20,23,173.24791666666667,236.26666666666668,2019-03-20 23:00:00,30
3,21,0,169.87962962962962,233.40740740740742,2019-03-21 00:00:00,27
3,21,1,175.8448275862069,237.6206896551724,2019-03-21 01:00:00,29
3,21,2,175.54464285714286,238.53571428571428,2019-03-21 02:00:00,28
3,21,3,184.99305555555554,245.92592592592592,2019-03-21 03:00:00,27
3,21,4,182.30833333333334,242.43333333333334,2019-03-21 04:00:00,30
3,21,5,173.5787037037037,236.25925925925927,2019-03-21 05:00:00,27
3,21,6,162.33333333333334,227.40740740740742,2019-03-21 06:00:00,27
3,21,7,161.39166666666668,226.86666666666667,2019-03-21 07:00:00,30
3,21,8,178.6435185185185,245.22222222222223,2019-03-21 08:00:00,27
3,21,9,157.92241379310346,225.48275862068965,2019-03-21 09:00:00,29
3,21,10,145.47767857142858,214.85714285714286,2019-03-21 10:00:00,28
3,21,11,145.70758928571428,215.46428571428572,2019-03-21 11:00:00,28
3,21,12,159.640625,227.25,2019-03-21 12:00:00,28
3,21,13,150.46205357142858,219.28571428571428,2019-03-21 13:00:00,28
3,21,14,152.7844827586207,219.68965517241378,2019-03-21 14:00:00,29
3,21,15,133.7523148148148,204.4814814814815,2019-03-21 15:00:00,27
3,21,16,100.75833333333334,176.56666666666666,2019-03-21 16:00:00,30
3,21,17,73.90972222222223,151.74074074074073,2019-03-21 17:00:00,27
3,21,18,63.051339285714285,137.21428571428572,2019-03-21 18:00:00,28
3,21,19,55.542410714285715,128.25,2019-03-21 19:00:00,28
3,21,20,50.30818965517241,121.3103448275862,2019-03-21 20:00:00,29
3,21,21,55.223214285714285,126.5,2019-03-21 21:00:00,28
3,21,22,63.89732142857143,135.14285714285714,2019-03-21 22:00:00,28
3,21,23,64.67857142857143,135.57142857142858,2019-03-21 23:00:00,28
3,22,0,68.61160714285714,140.14285714285714,2019-03-22 00:00:00,28
3,22,1,66.75646551724138,137.93103448275863,2019-03-22 01:00:00,29
3,22,2,81.97685185185185,154.1851851851852,2019-03-22 02:00:00,27
3,22,3,84.45416666666667,159.33333333333334,2019-03-22 03:00:00,30
3,22,4,90.7175925925926,164.0,2019-03-22 04:00:00,27
3,22,5,89.34913793103448,162.55172413793105,2019-03-22 05:00:00,29
3,22,6,97.24553571428571,171.0,2019-03-22 06:00:00,28
3,22,7,113.84151785714286,188.60714285714286,2019-03-22 07:00:00,28
3,22,8,117.5625,192.06896551724137,2019-03-22 08:00:00,29
3,22,9,133.95982142857142,204.28571428571428,2019-03-22 09:00:00,28
3,22,10,139.59598214285714,209.75,2019-03-22 10:00:00,28
3,22,11,134.78348214285714,204.64285714285714,2019-03-22 11:00:00,28
3,22,12,141.45982142857142,208.25,2019-03-22 12:00:00,28
3,22,13,150.265625,214.39285714285714,2019-03-22 13:00:00,28
3,22,14,186.36853448275863,246.31034482758622,2019-03-22 14:00:00,29
3,22,15,203.29910714285714,259.82142857142856,2019-03-22 15:00:00,28
3,22,16,197.43973214285714,257.10714285714283,2019-03-22 16:00:00,28
3,22,17,178.5969827586207,240.27586206896552,2019-03-22 17:00:00,29
3,22,18,180.77777777777777,242.11111111111111,2019-03-22 18:00:00,27
3,22,19,165.83482142857142,229.60714285714286,2019-03-22 19:00:00,28
3,22,20,166.77370689655172,228.75862068965517,2019-03-22 20:00:00,29
3,22,21,157.75892857142858,222.5,2019-03-22 21:00:00,28
3,22,22,172.7801724137931,233.89655172413794,2019-03-22 22:00:00,29
3,22,23,182.31712962962962,239.66666666666666,2019-03-22 23:00:00,27
3,23,0,190.20689655172413,247.13793103448276,2019-03-23 00:00:00,29
3,23,1,190.3287037037037,248.66666666666666,2019-03-23 01:00:00,27
3,23,2,162.59913793103448,227.41379310344828,2019-03-23 02:00:00,29
3,23,3,165.33564814814815,229.85185185185185,2019-03-23 03:00:00,27
3,23,4,174.62291666666667,236.03333333333333,2019-03-23 04:00:00,30
3,23,5,211.5787037037037,269.14814814814815,2019-03-23 05:00:00,27
3,23,6,204.9073275862069,261.37931034482756,2019-03-23 06:00:00,29
3,23,7,180.84375,242.89285714285714,2019-03-23 07:00:00,28
3,23,8,177.10714285714286,239.17857142857142,2019-03-23 08:00:00,28
3,23,9,153.97321428571428,221.60714285714286,2019-03-23 09:00:00,28
3,23,10,154.21651785714286,221.42857142857142,2019-03-23 10:00:00,28
3,23,11,142.76077586206895,212.93103448275863,2019-03-23 11:00:00,29
3,23,12,126.64285714285714,199.32142857142858,2019-03-23 12:00:00,28
3,23,13,124.74553571428571,196.5,2019-03-23 13:00:00,28
3,23,14,122.53935185185185,195.74074074074073,2019-03-23 14:00:00,27
3,23,15,112.625,187.4,2019-03-23 15:00:00,30
3,23,16,122.65277777777777,196.55555555555554,2019-03-23 16:00:00,27
3,23,17,150.64008620689654,219.82758620689654,2019-03-23 17:00:00,29
3,23,18,172.9398148148148,237.37037037037038,2019-03-23 18:00:00,27
3,23,19,222.44419642857142,275.42857142857144,2019-03-23 19:00:00,28
3,23,20,232.20474137931035,278.3448275862069,2019-03-23 20:00:00,29
3,23,21,250.83258928571428,294.07142857142856,2019-03-23 21:00:00,28
3,23,22,218.60044642857142,270.7142857142857,2019-03-23 22:00:00,28
3,23,23,197.6551724137931,259.3448275862069,2019-03-23 23:00:00,29
3,24,0,169.90046296296296,240.96296296296296,2019-03-24 00:00:00,27
3,24,1,147.29910714285714,221.67857142857142,2019-03-24 01:00:00,28
3,24,2,156.93526785714286,222.03571428571428,2019-03-24 02:00:00,28
3,24,3,153.32974137931035,216.68965517241378,2019-03-24 03:00:00,29
3,24,4,103.72916666666667,175.74074074074073,2019-03-24 04:00:00,27
3,24,5,89.21041666666666,167.8,2019-03-24 05:00:00,30
3,24,6,85.75925925925925,165.7037037037037,2019-03-24 06:00:00,27
3,24,7,85.51724137931035,163.6551724137931,2019-03-24 07:00:00,29
3,24,8,80.72098214285714,158.78571428571428,2019-03-24 08:00:00,28
3,24,9,79.38616071428571,154.5,2019-03-24 09:00:00,28
3,24,10,87.32974137931035,157.41379310344828,2019-03-24 10:00:00,29
3,24,11,82.52083333333333,154.1851851851852,2019-03-24 11:00:00,27
3,24,12,74.78541666666666,142.53333333333333,2019-03-24 12:00:00,30
3,24,13,77.56481481481481,146.0,2019-03-24 13:00:00,27
3,24,14,84.60129310344827,155.86206896551724,2019-03-24 14:00:00,29
3,24,15,84.46875,156.57142857142858,2019-03-24 15:00:00,28
3,24,16,102.64583333333333,176.77777777777777,2019-03-24 16:00:00,27
3,24,17,115.73060344827586,188.20689655172413,2019-03-24 17:00:00,29
3,24,18,142.66517857142858,210.17857142857142,2019-03-24 18:00:00,28
3,24,19,158.15086206896552,220.79310344827587,2019-03-24 19:00:00,29
3,24,20,169.28794642857142,230.82142857142858,2019-03-24 20:00:00,28
3,24,21,171.20089285714286,228.92857142857142,2019-03-24 21:00:00,28
3,24,22,164.33223684210526,224.26315789473685,2019-03-24 22:00:00,38
3,24,23,169.9046052631579,228.8684210526316,2019-03-24 23:00:00,38
3,25,0,174.4408783783784,232.9189189189189,2019-03-25 00:00:00,37
3,25,1,205.13651315789474,261.63157894736844,2019-03-25 01:00:00,38
3,25,2,212.63815789473685,267.3421052631579,2019-03-25 02:00:00,38
3,25,3,232.54440789473685,282.1578947368421,2019-03-25 03:00:00,38
3,25,4,217.22222222222223,268.8888888888889,2019-03-25 04:00:00,36
3,25,5,202.17927631578948,258.55263157894734,2019-03-25 05:00:00,38
3,25,6,226.47861842105263,280.2631578947368,2019-03-25 06:00:00,38
3,25,7,223.7956081081081,280.94594594594594,2019-03-25 07:00:00,37
3,25,8,189.41776315789474,247.81578947368422,2019-03-25 08:00:00,38
3,25,9,181.48684210526315,241.76315789473685,2019-03-25 09:00:00,38
3,25,10,189.02871621621622,248.51351351351352,2019-03-25 10:00:00,37
3,25,11,191.9543918918919,250.45945945945945,2019-03-25 11:00:00,37
3,25,12,186.05756578947367,247.55263157894737,2019-03-25 12:00:00,38
3,25,13,183.79111842105263,246.78947368421052,2019-03-25 13:00:00,38
3,25,14,177.26182432432432,239.78378378378378,2019-03-25 14:00:00,37
3,25,15,170.6266891891892,233.35135135135135,2019-03-25 15:00:00,37
3,25,16,190.05263157894737,247.52631578947367,2019-03-25 16:00:00,38
3,25,17,188.66940789473685,245.02631578947367,2019-03-25 17:00:00,38
3,25,18,188.8935810810811,245.78378378378378,2019-03-25 18:00:00,37
3,25,19,177.05756578947367,237.07894736842104,2019-03-25 19:00:00,38
3,25,20,176.12993421052633,235.76315789473685,2019-03-25 20:00:00,38
3,25,21,145.86655405405406,210.56756756756758,2019-03-25 21:00:00,37
3,25,22,133.30756578947367,202.23684210526315,2019-03-25 22:00:00,38
3,25,23,93.56756756756756,167.0,2019-03-25 23:00:00,37
3,26,0,94.19243421052632,161.3684210526316,2019-03-26 00:00:00,38
3,26,1,116.76480263157895,181.6578947368421,2019-03-26 01:00:00,38
3,26,2,112.13344594594595,181.05405405405406,2019-03-26 02:00:00,37
3,26,3,133.52631578947367,197.0,2019-03-26 03:00:00,38
3,26,4,147.43256578947367,204.55263157894737,2019-03-26 04:00:00,38
3,26,5,170.08952702702703,224.51351351351352,2019-03-26 05:00:00,37
3,26,6,169.27138157894737,228.55263157894737,2019-03-26 06:00:00,38
3,26,7,140.16940789473685,204.8421052631579,2019-03-26 07:00:00,38
3,26,8,110.24155405405405,178.21621621621622,2019-03-26 08:00:00,37
3,26,9,102.70101351351352,172.75675675675674,2019-03-26 09:00:00,37
3,26,10,94.55098684210526,166.31578947368422,2019-03-26 10:00:00,38
3,26,11,102.55756578947368,172.6578947368421,2019-03-26 11:00:00,38
3,26,12,105.48519736842105,177.07894736842104,2019-03-26 12:00:00,38
3,26,13,111.53885135135135,184.56756756756758,2019-03-26 13:00:00,37
3,26,14,142.32601351351352,212.0810810810811,2019-03-26 14:00:00,37
3,26,15,215.01923076923077,263.6666666666667,2019-03-26 15:00:00,39
3,26,16,252.47743055555554,289.02777777777777,2019-03-26 16:00:00,36
3,26,17,163.49198717948718,230.35897435897436,2019-03-26 17:00:00,39
3,26,18,137.55729166666666,210.02777777777777,2019-03-26 18:00:00,36
3,26,19,143.1140625,216.175,2019-03-26 19:00:00,40
3,26,20,145.18229166666666,217.19444444444446,2019-03-26 20:00:00,36
3,26,21,166.0296052631579,229.5,2019-03-26 21:00:00,38
3,26,22,115.30592105263158,185.52631578947367,2019-03-26 22:00:00,38
3,26,23,107.66840277777777,180.69444444444446,2019-03-26 23:00:00,36
3,27,0,113.71052631578948,185.73684210526315,2019-03-27 00:00:00,38
3,27,1,119.77467105263158,191.3684210526316,2019-03-27 01:00:00,38
3,27,2,147.3277027027027,211.54054054054055,2019-03-27 02:00:00,37
3,27,3,145.05098684210526,208.8684210526316,2019-03-27 03:00:00,38
3,27,4,169.28378378378378,232.35135135135135,2019-03-27 04:00:00,37
3,27,5,175.92105263157896,238.92105263157896,2019-03-27 05:00:00,38
3,27,6,151.09868421052633,214.39473684210526,2019-03-27 06:00:00,38
3,27,7,142.70486111111111,209.27777777777777,2019-03-27 07:00:00,36
3,27,8,142.33814102564102,209.87179487179486,2019-03-27 08:00:00,39
3,27,9,134.47804054054055,204.21621621621622,2019-03-27 09:00:00,37
3,27,10,138.8125,207.97368421052633,2019-03-27 10:00:00,38
3,27,11,136.91940789473685,206.73684210526315,2019-03-27 11:00:00,38
3,27,12,175.14473684210526,239.8684210526316,2019-03-27 12:00:00,38
3,27,13,153.75493421052633,222.92105263157896,2019-03-27 13:00:00,38
3,27,14,157.39930555555554,225.19444444444446,2019-03-27 14:00:00,36
3,27,15,159.34935897435898,223.30769230769232,2019-03-27 15:00:00,39
3,27,16,158.27604166666666,224.94444444444446,2019-03-27 16:00:00,36
3,27,17,199.8984375,261.95,2019-03-27 17:00:00,40
3,27,18,205.61284722222223,263.47222222222223,2019-03-27 18:00:00,36
3,27,19,209.8190789473684,263.2894736842105,2019-03-27 19:00:00,38
3,27,20,206.6283783783784,260.6216216216216,2019-03-27 20:00:00,37
3,27,21,175.57432432432432,235.72972972972974,2019-03-27 21:00:00,37
3,27,22,169.0246710526316,231.52631578947367,2019-03-27 22:00:00,38
3,27,23,168.1578947368421,233.3421052631579,2019-03-27 23:00:00,38
3,28,0,155.515625,220.97222222222223,2019-03-28 00:00:00,36
3,28,1,179.9890625,241.4,2019-03-28 01:00:00,40
3,28,2,183.53819444444446,243.55555555555554,2019-03-28 02:00:00,36
3,28,3,200.20065789473685,257.13157894736844,2019-03-28 03:00:00,38
3,28,4,236.52138157894737,282.55263157894734,2019-03-28 04:00:00,38
3,28,5,179.40033783783784,239.43243243243242,2019-03-28 05:00:00,37
3,28,6,116.03205128205128,187.94871794871796,2019-03-28 06:00:00,39
3,28,7,103.91493055555556,178.94444444444446,2019-03-28 07:00:00,36
3,28,8,92.9609375,170.425,2019-03-28 08:00:00,40
3,28,9,85.59722222222223,162.38888888888889,2019-03-28 09:00:00,36
3,28,10,87.56414473684211,165.07894736842104,2019-03-28 10:00:00,38
3,28,11,88.41611842105263,165.60526315789474,2019-03-28 11:00:00,38
3,28,12,94.66722972972973,172.54054054054055,2019-03-28 12:00:00,37
3,28,13,142.63486842105263,214.02631578947367,2019-03-28 13:00:00,38
3,28,14,124.125,194.3783783783784,2019-03-28 14:00:00,37
3,28,15,101.36378205128206,176.17948717948718,2019-03-28 15:00:00,39
3,28,16,129.4358108108108,199.6216216216216,2019-03-28 16:00:00,37
3,28,17,127.43576388888889,196.11111111111111,2019-03-28 17:00:00,36
3,28,18,138.5640625,204.8,2019-03-28 18:00:00,40
3,28,19,148.01071428571427,212.88571428571427,2019-03-28 19:00:00,35
3,28,20,166.1778846153846,227.28205128205127,2019-03-28 20:00:00,39
3,28,21,162.10472972972974,224.72972972972974,2019-03-28 21:00:00,37
3,28,22,148.84375,213.97368421052633,2019-03-28 22:00:00,38
3,28,23,204.53618421052633,260.2105263157895,2019-03-28 23:00:00,38
3,29,0,153.64236111111111,215.25,2019-03-29 00:00:00,36
3,29,1,139.24198717948718,205.87179487179486,2019-03-29 01:00:00,39
3,29,2,138.25,205.83783783783784,2019-03-29 02:00:00,37
3,29,3,212.16826923076923,262.28205128205127,2019-03-29 03:00:00,39
3,29,4,160.63006756756758,219.35135135135135,2019-03-29 04:00:00,37
3,29,5,126.3108108108108,188.94594594594594,2019-03-29 05:00:00,37
3,29,6,184.02138157894737,235.10526315789474,2019-03-29 06:00:00,38
3,29,7,118.92905405405405,181.35135135135135,2019-03-29 07:00:00,37
3,29,8,100.35810810810811,169.02702702702703,2019-03-29 08:00:00,37
3,29,9,81.8125,155.64102564102564,2019-03-29 09:00:00,39
3,29,10,81.27027027027027,153.2972972972973,2019-03-29 10:00:00,37
3,29,11,86.13621794871794,155.46153846153845,2019-03-29 11:00:00,39
3,29,12,86.61458333333333,156.33333333333334,2019-03-29 12:00:00,36
3,29,13,92.01480263157895,163.0,2019-03-29 13:00:00,38
3,29,14,133.03885135135135,199.0,2019-03-29 14:00:00,37
3,29,15,151.9309210526316,218.60526315789474,2019-03-29 15:00:00,38
3,29,16,158.875,225.71052631578948,2019-03-29 16:00:00,38
3,29,17,132.64864864864865,201.0,2019-03-29 17:00:00,37
3,29,18,129.83277027027026,197.32432432432432,2019-03-29 18:00:00,37
3,29,19,120.68589743589743,192.56410256410257,2019-03-29 19:00:00,39
3,29,20,128.88006756756758,200.27027027027026,2019-03-29 20:00:00,37
3,29,21,135.7596153846154,206.28205128205127,2019-03-29 21:00:00,39
3,29,22,140.12326388888889,207.58333333333334,2019-03-29 22:00:00,36
3,29,23,135.4983108108108,203.05405405405406,2019-03-29 23:00:00,37
3,30,0,161.34375,222.07894736842104,2019-03-30 00:00:00,38
3,30,1,102.21875,175.89473684210526,2019-03-30 01:00:00,38
3,30,2,100.8470394736842,172.78947368421052,2019-03-30 02:00:00,38
3,30,3,95.86486486486487,170.21621621621622,2019-03-30 03:00:00,37
3,30,4,155.93108974358975,210.0,2019-03-30 04:00:00,39
3,30,5,414.58614864864865,396.7837837837838,2019-03-30 05:00:00,37
3,30,6,422.22635135135135,402.05405405405406,2019-03-30 06:00:00,37
3,30,7,400.6546052631579,390.6578947368421,2019-03-30 07:00:00,38
3,30,8,345.36842105263156,352.39473684210526,2019-03-30 08:00:00,38
3,30,9,332.9543918918919,344.4864864864865,2019-03-30 09:00:00,37
3,30,10,358.17598684210526,358.5263157894737,2019-03-30 10:00:00,38
3,30,11,345.92736486486484,347.27027027027026,2019-03-30 11:00:00,37
3,30,12,345.05236486486484,347.27027027027026,2019-03-30 12:00:00,37
3,30,13,374.60361842105266,370.92105263157896,2019-03-30 13:00:00,38
3,30,14,357.29769736842104,357.39473684210526,2019-03-30 14:00:00,38
3,30,15,420.8881578947368,402.2368421052632,2019-03-30 15:00:00,38
3,30,16,384.1513157894737,377.5,2019-03-30 16:00:00,38
3,30,17,408.38513513513516,396.7837837837838,2019-03-30 17:00:00,37
3,30,18,320.17736486486484,335.13513513513516,2019-03-30 18:00:00,37
3,30,19,315.22861842105266,327.13157894736844,2019-03-30 19:00:00,38
3,30,20,318.2314189189189,329.7027027027027,2019-03-30 20:00:00,37
3,30,21,327.7548076923077,334.53846153846155,2019-03-30 21:00:00,39
3,30,22,298.24155405405406,302.4054054054054,2019-03-30 22:00:00,37
3,30,23,322.58814102564105,323.4871794871795,2019-03-30 23:00:00,39
3,31,0,324.96875,321.72222222222223,2019-03-31 00:00:00,36
3,31,1,377.97861842105266,365.92105263157896,2019-03-31 01:00:00,38
3,31,2,295.61348684210526,306.42105263157896,2019-03-31 02:00:00,38
3,31,3,350.9121621621622,356.86486486486484,2019-03-31 03:00:00,37
3,31,4,320.1314102564103,335.0,2019-03-31 04:00:00,39
3,31,5,272.7326388888889,303.22222222222223,2019-03-31 05:00:00,36
3,31,6,114.89144736842105,189.71052631578948,2019-03-31 06:00:00,38
3,31,7,65.02871621621621,147.1891891891892,2019-03-31 07:00:00,37
3,31,8,58.65296052631579,132.78947368421052,2019-03-31 08:00:00,38
3,31,9,53.92927631578947,126.05263157894737,2019-03-31 09:00:00,38
3,31,10,54.258445945945944,127.08108108108108,2019-03-31 10:00:00,37
3,31,11,56.54111842105263,128.76315789473685,2019-03-31 11:00:00,38
3,31,12,57.19932432432432,131.86486486486487,2019-03-31 12:00:00,37
3,31,13,53.0608552631579,124.21052631578948,2019-03-31 13:00:00,38
3,31,14,46.5929054054054,113.72972972972973,2019-03-31 14:00:00,37
3,31,15,49.71546052631579,120.3157894736842,2019-03-31 15:00:00,38
3,31,16,47.445945945945944,119.37837837837837,2019-03-31 16:00:00,37
3,31,17,41.6474358974359,107.05128205128206,2019-03-31 17:00:00,39
3,31,18,54.34966216216216,125.75675675675676,2019-03-31 18:00:00,37
3,31,19,53.148648648648646,122.45945945945945,2019-03-31 19:00:00,37
3,31,20,56.391447368421055,129.07894736842104,2019-03-31 20:00:00,38
3,31,21,54.111486486486484,126.64864864864865,2019-03-31 21:00:00,37
3,31,22,99.36513157894737,159.47368421052633,2019-03-31 22:00:00,38
3,31,23,71.41047297297297,138.8108108108108,2019-03-31 23:00:00,37
4,1,0,56.9070945945946,129.94594594594594,2019-04-01 00:00:00,37
4,1,1,67.77564102564102,140.76923076923077,2019-04-01 01:00:00,39
4,1,2,90.76689189189189,153.0810810810811,2019-04-01 02:00:00,37
4,1,3,83.25493421052632,156.23684210526315,2019-04-01 03:00:00,38
4,1,4,111.2483108108108,174.48648648648648,2019-04-01 04:00:00,37
4,1,5,119.27364864864865,178.78378378378378,2019-04-01 05:00:00,37
4,1,6,99.46283783783784,163.8108108108108,2019-04-01 06:00:00,37
4,1,7,69.74198717948718,142.02564102564102,2019-04-01 07:00:00,39
4,1,8,57.310810810810814,132.0,2019-04-01 08:00:00,37
4,1,9,63.56570512820513,136.97435897435898,2019-04-01 09:00:00,39
4,1,10,57.255067567567565,127.0,2019-04-01 10:00:00,37
4,1,11,58.167229729729726,126.4054054054054,2019-04-01 11:00:00,37
4,1,12,71.96381578947368,140.42105263157896,2019-04-01 12:00:00,38
4,1,13,70.81587837837837,144.1891891891892,2019-04-01 13:00:00,37
4,1,14,73.5224358974359,145.97435897435898,2019-04-01 14:00:00,39
4,1,15,76.01351351351352,147.64864864864865,2019-04-01 15:00:00,37
4,1,16,75.82432432432432,149.78378378378378,2019-04-01 16:00:00,37
4,1,17,73.49198717948718,152.56410256410257,2019-04-01 17:00:00,39
4,1,18,71.3108108108108,145.48648648648648,2019-04-01 18:00:00,37
4,1,19,70.04898648648648,146.86486486486487,2019-04-01 19:00:00,37
4,1,20,86.18585526315789,158.10526315789474,2019-04-01 20:00:00,38
4,1,21,82.47697368421052,155.21052631578948,2019-04-01 21:00:00,38
4,1,22,79.04605263157895,151.78947368421052,2019-04-01 22:00:00,38
4,1,23,115.67229729729729,180.1891891891892,2019-04-01 23:00:00,37
4,2,0,156.52195945945945,205.32432432432432,2019-04-02 00:00:00,37
4,2,1,93.67763157894737,163.0,2019-04-02 01:00:00,38
4,2,2,111.54898648648648,182.75675675675674,2019-04-02 02:00:00,37
4,2,3,111.27533783783784,180.72972972972974,2019-04-02 03:00:00,37
4,2,4,108.6025641025641,178.7948717948718,2019-04-02 04:00:00,39
4,2,5,107.50694444444444,177.13888888888889,2019-04-02 05:00:00,36
4,2,6,98.84134615384616,168.46153846153845,2019-04-02 06:00:00,39
4,2,7,100.63006756756756,172.67567567567568,2019-04-02 07:00:00,37
4,2,8,90.8157894736842,166.8684210526316,2019-04-02 08:00:00,38
4,2,9,91.52467105263158,167.6578947368421,2019-04-02 09:00:00,38
4,2,10,92.24131944444444,168.58333333333334,2019-04-02 10:00:00,36
4,2,11,82.946875,158.15,2019-04-02 11:00:00,40
4,2,12,87.94791666666667,159.16666666666666,2019-04-02 12:00:00,36
4,2,13,83.80448717948718,158.3846153846154,2019-04-02 13:00:00,39
4,2,14,74.13715277777777,150.41666666666666,2019-04-02 14:00:00,36
4,2,15,75.08277027027027,151.21621621621622,2019-04-02 15:00:00,37
4,2,16,101.1875,173.94871794871796,2019-04-02 16:00:00,39
4,2,17,93.76013513513513,164.16216216216216,2019-04-02 17:00:00,37
4,2,18,79.42467948717949,153.92307692307693,2019-04-02 18:00:00,39
4,2,19,77.38786764705883,150.8235294117647,2019-04-02 19:00:00,34
4,2,20,86.97844827586206,149.9655172413793,2019-04-02 20:00:00,29
4,2,21,126.67361111111111,181.7037037037037,2019-04-02 21:00:00,27
4,2,22,117.81433823529412,176.41176470588235,2019-04-02 22:00:00,34
4,2,23,121.11317567567568,179.72972972972974,2019-04-02 23:00:00,37
4,3,0,125.72128378378379,183.54054054054055,2019-04-03 00:00:00,37
4,3,1,154.2948717948718,209.64102564102564,2019-04-03 01:00:00,39
4,3,2,119.54391891891892,181.05405405405406,2019-04-03 02:00:00,37
4,3,3,115.5400641025641,177.25641025641025,2019-04-03 03:00:00,39
4,3,4,122.70486111111111,183.83333333333334,2019-04-03 04:00:00,36
4,3,5,136.05929487179486,197.43589743589743,2019-04-03 05:00:00,39
4,3,6,142.81756756756758,203.13513513513513,2019-04-03 06:00:00,37
4,3,7,150.734375,213.66666666666666,2019-04-03 07:00:00,36
4,3,8,137.30448717948718,202.92307692307693,2019-04-03 08:00:00,39
4,3,9,118.33614864864865,180.1891891891892,2019-04-03 09:00:00,37
4,3,10,113.87664473684211,177.47368421052633,2019-04-03 10:00:00,38
4,3,11,114.31414473684211,175.92105263157896,2019-04-03 11:00:00,38
4,3,12,111.77430555555556,170.91666666666666,2019-04-03 12:00:00,36
4,3,13,110.61538461538461,173.33333333333334,2019-04-03 13:00:00,39
4,3,14,119.17567567567568,182.40540540540542,2019-04-03 14:00:00,37
4,3,15,114.36019736842105,182.39473684210526,2019-04-03 15:00:00,38
4,3,16,99.94243421052632,168.68421052631578,2019-04-03 16:00:00,38
4,3,17,96.20101351351352,161.64864864864865,2019-04-03 17:00:00,37
4,3,18,99.35576923076923,164.53846153846155,2019-04-03 18:00:00,39
4,3,19,107.97916666666667,170.55555555555554,2019-04-03 19:00:00,36
4,3,20,129.83493589743588,190.28205128205127,2019-04-03 20:00:00,39
4,3,21,366.6216216216216,360.3783783783784,2019-04-03 21:00:00,37
4,3,22,701.4206081081081,594.918918918919,2019-04-03 22:00:00,37
4,3,23,573.2027027027027,504.6216216216216,2019-04-03 23:00:00,37
4,4,0,529.9759615384615,476.0,2019-04-04 00:00:00,39
4,4,1,498.8923611111111,456.19444444444446,2019-04-04 01:00:00,36
4,4,2,566.8371710526316,497.36842105263156,2019-04-04 02:00:00,38
4,4,3,709.4239864864865,598.7027027027027,2019-04-04 03:00:00,37
4,4,4,531.9839743589744,481.8974358974359,2019-04-04 04:00:00,39
4,4,5,692.4746621621622,593.2972972972973,2019-04-04 05:00:00,37
4,4,6,527.8986486486486,488.5135135135135,2019-04-04 06:00:00,37
4,4,7,421.25986842105266,406.92105263157896,2019-04-04 07:00:00,38
4,4,8,559.483552631579,490.7105263157895,2019-04-04 08:00:00,38
4,4,9,524.0740131578947,469.0263157894737,2019-04-04 09:00:00,38
4,4,10,537.1013513513514,482.3243243243243,2019-04-04 10:00:00,37
4,4,11,538.9003378378378,483.8918918918919,2019-04-04 11:00:00,37
4,4,12,552.5388513513514,498.35135135135135,2019-04-04 12:00:00,37
4,4,13,526.2434210526316,484.2368421052632,2019-04-04 13:00:00,38
4,4,14,544.1496710526316,497.86842105263156,2019-04-04 14:00:00,38
4,4,15,529.3260135135135,489.1081081081081,2019-04-04 15:00:00,37
4,4,16,489.0328947368421,462.5263157894737,2019-04-04 16:00:00,38
4,4,17,454.2073170731707,441.6585365853659,2019-04-04 17:00:00,41
4,4,18,330.3619791666667,351.8333333333333,2019-04-04 18:00:00,48
4,4,19,208.8337765957447,258.4255319148936,2019-04-04 19:00:00,47
4,4,20,135.76222826086956,191.8913043478261,2019-04-04 20:00:00,46
4,4,21,110.76041666666667,172.4375,2019-04-04 21:00:00,48
4,4,22,147.8600543478261,206.7608695652174,2019-04-04 22:00:00,46
4,4,23,111.1875,171.51063829787233,2019-04-04 23:00:00,47
4,5,0,98.20918367346938,157.6734693877551,2019-04-05 00:00:00,49
4,5,1,159.58559782608697,218.56521739130434,2019-04-05 01:00:00,46
4,5,2,189.6369680851064,245.91489361702128,2019-04-05 02:00:00,47
4,5,3,221.77393617021278,272.1489361702128,2019-04-05 03:00:00,47
4,5,4,224.34441489361703,274.06382978723406,2019-04-05 04:00:00,47
4,5,5,226.5546875,277.6458333333333,2019-04-05 05:00:00,48
4,5,6,200.06914893617022,257.6808510638298,2019-04-05 06:00:00,47
4,5,7,152.74202127659575,215.04255319148936,2019-04-05 07:00:00,47
4,5,8,149.0859375,209.41666666666666,2019-04-05 08:00:00,48
4,5,9,139.3491847826087,201.80434782608697,2019-04-05 09:00:00,46
4,5,10,142.21301020408163,204.48979591836735,2019-04-05 10:00:00,49
4,5,11,164.1861413043478,224.58695652173913,2019-04-05 11:00:00,46
4,5,12,165.7725,224.56,2019-04-05 12:00:00,50
4,5,13,199.0531914893617,256.29787234042556,2019-04-05 13:00:00,47
4,5,14,173.6262755102041,233.85714285714286,2019-04-05 14:00:00,49
4,5,15,201.0877659574468,258.59574468085106,2019-04-05 15:00:00,47
4,5,16,138.98511904761904,202.16666666666666,2019-04-05 16:00:00,42
4,5,17,119.05059523809524,184.61904761904762,2019-04-05 17:00:00,42
4,5,18,59.98780487804878,140.2439024390244,2019-04-05 18:00:00,41
4,5,19,56.77195945945946,147.16216216216216,2019-04-05 19:00:00,37
4,5,20,64.67628205128206,153.89743589743588,2019-04-05 20:00:00,39
4,5,21,71.58159722222223,158.02777777777777,2019-04-05 21:00:00,36
4,5,22,67.22275641025641,155.48717948717947,2019-04-05 22:00:00,39
4,5,23,64.08653846153847,154.56410256410257,2019-04-05 23:00:00,39
4,6,0,57.04391891891892,147.43243243243242,2019-04-06 00:00:00,37
4,6,1,54.44551282051282,144.10256410256412,2019-04-06 01:00:00,39
4,6,2,64.97297297297297,153.9189189189189,2019-04-06 02:00:00,37
4,6,3,72.31076388888889,158.83333333333334,2019-04-06 03:00:00,36
4,6,4,74.37063953488372,159.88372093023256,2019-04-06 04:00:00,43
4,6,5,78.77195945945945,162.21621621621622,2019-04-06 05:00:00,37
4,6,6,83.61698717948718,164.7948717948718,2019-04-06 06:00:00,39
4,6,7,89.9203125,168.1,2019-04-06 07:00:00,40
4,6,8,87.94047619047619,167.14285714285714,2019-04-06 08:00:00,42
4,6,9,91.91216216216216,169.21621621621622,2019-04-06 09:00:00,37
4,6,10,89.4640625,167.875,2019-04-06 10:00:00,40
4,6,11,85.49342105263158,165.8421052631579,2019-04-06 11:00:00,38
4,6,12,84.60060975609755,165.41463414634146,2019-04-06 12:00:00,41
4,6,13,62.44642857142857,150.0,2019-04-06 13:00:00,42
4,6,14,41.579268292682926,115.41463414634147,2019-04-06 14:00:00,41
4,6,15,40.957770270270274,113.72972972972973,2019-04-06 15:00:00,37
4,6,16,35.0608552631579,100.07894736842105,2019-04-06 16:00:00,38
4,6,17,29.870426829268293,88.21951219512195,2019-04-06 17:00:00,41
4,6,18,20.41722972972973,67.89189189189189,2019-04-06 18:00:00,37
4,6,19,21.3625,69.85,2019-04-06 19:00:00,40
4,6,20,11.774305555555555,46.611111111111114,2019-04-06 20:00:00,36
4,6,21,8.238486842105264,34.026315789473685,2019-04-06 21:00:00,38
4,6,22,8.3984375,34.75,2019-04-06 22:00:00,40
4,6,23,10.597972972972974,42.810810810810814,2019-04-06 23:00:00,37
4,7,0,12.480182926829269,49.24390243902439,2019-04-07 00:00:00,41
4,7,1,15.1875,55.89473684210526,2019-04-07 01:00:00,38
4,7,2,21.791666666666668,70.8974358974359,2019-04-07 02:00:00,39
4,7,3,32.838815789473685,94.86842105263158,2019-04-07 03:00:00,38
4,7,4,41.65224358974359,115.53846153846153,2019-04-07 04:00:00,39
4,7,5,45.625,125.45945945945945,2019-04-07 05:00:00,37
4,7,6,51.07469512195122,136.78048780487805,2019-04-07 06:00:00,41
4,7,7,51.12152777777778,137.55555555555554,2019-04-07 07:00:00,36
4,7,8,52.48255813953488,139.86046511627907,2019-04-07 08:00:00,43
4,7,9,50.236111111111114,136.0,2019-04-07 09:00:00,36
4,7,10,50.63157894736842,136.6578947368421,2019-04-07 10:00:00,38
4,7,11,51.69070512820513,138.30769230769232,2019-04-07 11:00:00,39
4,7,12,48.907986111111114,132.63888888888889,2019-04-07 12:00:00,36
4,7,13,34.516447368421055,99.47368421052632,2019-04-07 13:00:00,38
4,7,14,17.983974358974358,62.46153846153846,2019-04-07 14:00:00,39
4,7,15,12.64423076923077,49.205128205128204,2019-04-07 15:00:00,39
4,7,16,12.407894736842104,48.05263157894737,2019-04-07 16:00:00,38
4,7,17,11.8171875,46.975,2019-04-07 17:00:00,40
4,7,18,10.539473684210526,43.026315789473685,2019-04-07 18:00:00,38
4,7,19,9.161184210526315,37.81578947368421,2019-04-07 19:00:00,38
4,7,20,8.7953125,36.675,2019-04-07 20:00:00,40
4,7,21,7.618421052631579,31.63157894736842,2019-04-07 21:00:00,38
4,7,22,8.192434210526315,33.94736842105263,2019-04-07 22:00:00,38
4,7,23,10.162202380952381,41.333333333333336,2019-04-07 23:00:00,42
4,8,0,11.261824324324325,45.45945945945946,2019-04-08 00:00:00,37
4,8,1,12.358552631578947,48.60526315789474,2019-04-08 01:00:00,38
4,8,2,11.226973684210526,45.10526315789474,2019-04-08 02:00:00,38
4,8,3,10.928819444444445,43.97222222222222,2019-04-08 03:00:00,36
4,8,4,12.540625,49.15,2019-04-08 04:00:00,40
4,8,5,11.44359756097561,45.63414634146341,2019-04-08 05:00:00,41
4,8,6,11.068452380952381,44.54761904761905,2019-04-08 06:00:00,42
4,8,7,9.965277777777779,40.583333333333336,2019-04-08 07:00:00,36
4,8,8,9.654761904761905,40.0,2019-04-08 08:00:00,42
4,8,9,9.225328947368421,37.68421052631579,2019-04-08 09:00:00,38
4,8,10,9.64527027027027,39.567567567567565,2019-04-08 10:00:00,37
4,8,11,7.896381578947368,32.73684210526316,2019-04-08 11:00:00,38
4,8,12,8.985197368421053,36.94736842105263,2019-04-08 12:00:00,38
4,8,13,10.902777777777779,43.75,2019-04-08 13:00:00,36
4,8,14,13.851902173913043,52.82608695652174,2019-04-08 14:00:00,46
4,8,15,12.786458333333334,49.47222222222222,2019-04-08 15:00:00,36
4,8,16,14.117732558139535,53.2093023255814,2019-04-08 16:00:00,43
4,8,17,17.083333333333332,60.611111111111114,2019-04-08 17:00:00,36
4,8,18,22.25337837837838,71.64864864864865,2019-04-08 18:00:00,37
4,8,19,35.81578947368421,102.42105263157895,2019-04-08 19:00:00,38
4,8,20,34.7359375,99.45,2019-04-08 20:00:00,40
4,8,21,24.48076923076923,76.66666666666667,2019-04-08 21:00:00,39
4,8,22,18.896875,64.475,2019-04-08 22:00:00,40
4,8,23,15.333881578947368,56.28947368421053,2019-04-08 23:00:00,38
4,9,0,11.996875,47.55,2019-04-09 00:00:00,40
4,9,1,11.868243243243244,46.972972972972975,2019-04-09 01:00:00,37
4,9,2,14.149390243902438,53.73170731707317,2019-04-09 02:00:00,41
4,9,3,18.49826388888889,63.75,2019-04-09 03:00:00,36
4,9,4,18.379934210526315,63.55263157894737,2019-04-09 04:00:00,38
4,9,5,17.91611842105263,62.3421052631579,2019-04-09 05:00:00,38
4,9,6,18.125,62.9,2019-04-09 06:00:00,40
4,9,7,18.9984756097561,64.8048780487805,2019-04-09 07:00:00,41
4,9,8,17.96794871794872,62.51282051282051,2019-04-09 08:00:00,39
4,9,9,20.149147727272727,67.22727272727273,2019-04-09 09:00:00,44
4,9,10,21.383223684210527,69.94736842105263,2019-04-09 10:00:00,38
4,9,11,18.047256097560975,62.75609756097561,2019-04-09 11:00:00,41
4,9,12,17.58277027027027,61.37837837837838,2019-04-09 12:00:00,37
4,9,13,18.86378205128205,64.58974358974359,2019-04-09 13:00:00,39
4,9,14,21.95608108108108,71.21621621621621,2019-04-09 14:00:00,37
4,9,15,25.700320512820515,79.2051282051282,2019-04-09 15:00:00,39
4,9,16,27.92361111111111,84.08333333333333,2019-04-09 16:00:00,36
4,9,17,33.76809210526316,96.8157894736842,2019-04-09 17:00:00,38
4,9,18,37.017628205128204,104.61538461538461,2019-04-09 18:00:00,39
4,9,19,42.486486486486484,117.62162162162163,2019-04-09 19:00:00,37
4,9,20,34.5078125,98.575,2019-04-09 20:00:00,40
4,9,21,26.93092105263158,81.86842105263158,2019-04-09 21:00:00,38
4,9,22,23.027439024390244,73.51219512195122,2019-04-09 22:00:00,41
4,9,23,20.701923076923077,68.53846153846153,2019-04-09 23:00:00,39
4,10,0,20.248355263157894,67.34210526315789,2019-04-10 00:00:00,38
4,10,1,20.248355263157894,67.52631578947368,2019-04-10 01:00:00,38
4,10,2,26.672256097560975,81.3170731707317,2019-04-10 02:00:00,41
4,10,3,31.256410256410255,91.15384615384616,2019-04-10 03:00:00,39
4,10,4,34.498511904761905,98.52380952380952,2019-04-10 04:00:00,42
4,10,5,36.8902027027027,104.16216216216216,2019-04-10 05:00:00,37
4,10,6,36.8875,104.175,2019-04-10 06:00:00,40
4,10,7,34.96474358974359,99.76923076923077,2019-04-10 07:00:00,39
4,10,8,33.103658536585364,95.29268292682927,2019-04-10 08:00:00,41
4,10,9,30.897865853658537,90.36585365853658,2019-04-10 09:00:00,41
4,10,10,28.606907894736842,85.47368421052632,2019-04-10 10:00:00,38
4,10,11,19.039473684210527,64.97368421052632,2019-04-10 11:00:00,38
4,10,12,16.5625,59.54054054054054,2019-04-10 12:00:00,37
4,10,13,16.306089743589745,58.717948717948715,2019-04-10 13:00:00,39
4,10,14,15.634615384615385,57.38461538461539,2019-04-10 14:00:00,39
4,10,15,17.076923076923077,60.666666666666664,2019-04-10 15:00:00,39
4,10,16,22.219594594594593,71.64864864864865,2019-04-10 16:00:00,37
4,10,17,30.769736842105264,90.05263157894737,2019-04-10 17:00:00,38
4,10,18,36.1,102.325,2019-04-10 18:00:00,40
4,10,19,40.97466216216216,113.86486486486487,2019-04-10 19:00:00,37
4,10,20,35.739583333333336,101.35714285714286,2019-04-10 20:00:00,42
4,10,21,33.28378378378378,95.54054054054055,2019-04-10 21:00:00,37
4,10,22,29.74831081081081,88.05405405405405,2019-04-10 22:00:00,37
4,10,23,28.35032894736842,84.84210526315789,2019-04-10 23:00:00,38
4,11,0,25.41282894736842,78.63157894736842,2019-04-11 00:00:00,38
4,11,1,19.725,66.35,2019-04-11 01:00:00,40
4,11,2,19.22532894736842,65.05263157894737,2019-04-11 02:00:00,38
4,11,3,19.13081395348837,65.11627906976744,2019-04-11 03:00:00,43
4,11,4,17.296875,61.02777777777778,2019-04-11 04:00:00,36
4,11,5,15.642857142857142,57.476190476190474,2019-04-11 05:00:00,42
4,11,6,16.16722972972973,58.2972972972973,2019-04-11 06:00:00,37
4,11,7,15.939102564102564,58.12820512820513,2019-04-11 07:00:00,39
4,11,8,15.568910256410257,56.87179487179487,2019-04-11 08:00:00,39
4,11,9,16.307926829268293,58.75609756097561,2019-04-11 09:00:00,41
4,11,10,16.02027027027027,58.189189189189186,2019-04-11 10:00:00,37
4,11,11,12.503048780487806,49.048780487804876,2019-04-11 11:00:00,41
4,11,12,11.285472972972974,45.0,2019-04-11 12:00:00,37
4,11,13,12.451923076923077,48.8974358974359,2019-04-11 13:00:00,39
4,11,14,14.121527777777779,53.19444444444444,2019-04-11 14:00:00,36
4,11,15,10.732371794871796,42.76923076923077,2019-04-11 15:00:00,39
4,11,16,6.897435897435898,28.641025641025642,2019-04-11 16:00:00,39
4,11,17,4.640625,19.27777777777778,2019-04-11 17:00:00,36
4,11,18,4.015625,16.7,2019-04-11 18:00:00,40
4,11,19,3.65625,15.194444444444445,2019-04-11 19:00:00,36
4,11,20,3.7708333333333335,15.666666666666666,2019-04-11 20:00:00,39
4,11,21,3.0048076923076925,12.487179487179487,2019-04-11 21:00:00,39
4,11,22,7.475,30.8,2019-04-11 22:00:00,40
4,11,23,6.264802631578948,26.05263157894737,2019-04-11 23:00:00,38
4,12,0,3.8190789473684212,15.921052631578947,2019-04-12 00:00:00,38
4,12,1,4.888513513513513,20.2972972972973,2019-04-12 01:00:00,37
4,12,2,6.793918918918919,28.27027027027027,2019-04-12 02:00:00,37
4,12,3,6.7680921052631575,28.236842105263158,2019-04-12 03:00:00,38
4,12,4,6.6069078947368425,27.5,2019-04-12 04:00:00,38
4,12,5,5.386904761904762,22.5,2019-04-12 05:00:00,42
4,12,6,5.373397435897436,22.333333333333332,2019-04-12 06:00:00,39
4,12,7,5.212837837837838,21.7027027027027,2019-04-12 07:00:00,37
4,12,8,4.996710526315789,20.789473684210527,2019-04-12 08:00:00,38
4,12,9,5.073170731707317,20.75609756097561,2019-04-12 09:00:00,41
4,12,10,4.8546875,20.275,2019-04-12 10:00:00,40
4,12,11,3.8108974358974357,15.846153846153847,2019-04-12 11:00:00,39
4,12,12,3.3020833333333335,13.714285714285714,2019-04-12 12:00:00,42
4,12,13,3.191666666666667,13.2,2019-04-12 13:00:00,15
4,12,14,55.27717391304348,140.8695652173913,2019-04-12 14:00:00,23
4,12,15,991.9746621621622,811.1081081081081,2019-04-12 15:00:00,37
4,12,16,550.4510135135135,523.1891891891892,2019-04-12 16:00:00,37
4,12,17,253.0734375,306.15,2019-04-12 17:00:00,40
4,13,14,16.169354838709676,58.645161290322584,2019-04-13 14:00:00,31
4,13,15,11.128378378378379,44.45945945945946,2019-04-13 15:00:00,37
4,13,16,8.725,36.25,2019-04-13 16:00:00,40
4,13,17,5.40625,22.555555555555557,2019-04-13 17:00:00,36
4,13,18,5.141025641025641,21.384615384615383,2019-04-13 18:00:00,39
4,13,19,7.856418918918919,32.62162162162162,2019-04-13 19:00:00,37
4,13,20,11.907894736842104,47.76315789473684,2019-04-13 20:00:00,38
4,13,21,13.175986842105264,50.473684210526315,2019-04-13 21:00:00,38
4,13,22,28.08159722222222,84.33333333333333,2019-04-13 22:00:00,36
4,13,23,24.735576923076923,77.28205128205128,2019-04-13 23:00:00,39
4,14,0,18.4222972972973,63.54054054054054,2019-04-14 00:00:00,37
4,14,1,14.719551282051283,54.76923076923077,2019-04-14 01:00:00,39
4,14,2,8.345394736842104,34.44736842105263,2019-04-14 02:00:00,38
4,14,3,4.898648648648648,20.37837837837838,2019-04-14 03:00:00,37
4,14,4,3.5560897435897436,14.846153846153847,2019-04-14 04:00:00,39
4,14,5,2.481907894736842,10.342105263157896,2019-04-14 05:00:00,38
4,14,6,2.3645833333333335,9.88888888888889,2019-04-14 06:00:00,36
4,14,7,2.3767857142857145,9.942857142857143,2019-04-14 07:00:00,35
4,14,8,4.375,18.153846153846153,2019-04-14 08:00:00,39
4,14,9,10.298986486486486,41.24324324324324,2019-04-14 09:00:00,37
4,14,10,20.51480263157895,68.07894736842105,2019-04-14 10:00:00,38
4,14,11,29.4847972972973,87.37837837837837,2019-04-14 11:00:00,37
4,14,12,34.59628378378378,98.75675675675676,2019-04-14 12:00:00,37
4,14,13,28.04769736842105,84.26315789473684,2019-04-14 13:00:00,38
4,14,14,17.544407894736842,61.31578947368421,2019-04-14 14:00:00,38
4,14,15,11.427631578947368,45.526315789473685,2019-04-14 15:00:00,38
4,14,16,10.692434210526315,43.05263157894737,2019-04-14 16:00:00,38
4,14,17,10.985197368421053,44.63157894736842,2019-04-14 17:00:00,38
4,14,18,11.4375,45.567567567567565,2019-04-14 18:00:00,37
4,14,19,9.42013888888889,38.5,2019-04-14 19:00:00,36
4,14,20,7.719551282051282,31.974358974358974,2019-04-14 20:00:00,39
4,14,21,6.842013888888889,28.52777777777778,2019-04-14 21:00:00,36
4,14,22,6.371875,26.65,2019-04-14 22:00:00,40
4,14,23,6.722222222222222,27.944444444444443,2019-04-14 23:00:00,36
