Month,Day,Hour,RH,Temperature_C,Temperature_F
3,11,0,45.20689935849498,24.340428778515292,75.81277180132751
3,11,1,45.37910352090106,24.36690953943186,75.86043717097733
3,11,2,45.510991051488276,24.417423259835704,75.95136186770428
3,11,3,45.5738188625877,24.478395768164592,76.06111238269627
3,11,4,45.376814248431835,24.64173088171714,76.35511558709085
3,11,5,45.2657845336752,24.72228580148013,76.50011444266424
3,11,6,45.128046640111116,24.751881946033933,76.55338750286107
3,11,7,44.987383565058586,24.750546781617967,76.55098420691235
3,11,8,44.60291297203526,24.66420614938583,76.39557106889445
3,11,9,44.17570929292004,24.576975407543042,76.23855573357748
3,11,10,43.823924423484875,24.490857302713554,76.0835431448844
3,11,11,43.76516643010851,24.241849139136846,75.63532845044632
3,11,12,43.7238323438589,24.0555937031103,75.30006866559852
3,11,13,43.620179173725255,24.034676127260237,75.26241702906843
3,11,14,43.977560042529596,23.980601968413826,75.16508354314489
3,11,15,44.57480579338553,24.232280460822462,75.61810482948043
3,11,16,39.21676357920119,27.511444266422526,81.52059967956052
3,11,17,36.74778322115898,28.79186694132906,83.8253604943923
3,11,18,36.80883048700456,28.69974059662775,83.65953307392995
3,11,19,37.44168714293709,28.750031789628952,83.75005722133211
3,11,20,37.232033720289756,28.859838947959805,83.94771010632763
3,11,21,37.326714792261235,28.885105923043664,83.99319066147861
3,11,22,37.74908556283035,28.71665267922992,83.68997482261385
3,11,23,37.945962995182356,28.65990819155158,83.58783474479286
3,12,0,38.00357635232412,28.61807303985148,83.51253147173266
3,12,1,37.90424736352121,28.611619745174337,83.5009155413138
3,12,2,37.07921900197895,28.69373235675593,83.64871824216068
3,12,3,36.579267331064415,28.745136186770424,83.74124513618678
3,12,4,36.32732017764754,28.683496096233558,83.63029297322042
3,12,5,36.18449501192965,28.675262582335133,83.61547264820325
3,12,6,36.14964719767613,28.627864245568528,83.53015564202336
3,12,7,36.14239783485697,28.61273238218763,83.50291828793773
3,12,8,35.9713383086855,28.65300984206912,83.57541771572441
3,12,9,35.802313691375545,28.712869713384702,83.68316548409247
3,12,10,36.004151214077496,28.531064825411352,83.35591668574043
3,12,11,36.362295173704915,28.265812161440454,82.87846189059282
3,12,12,36.57799551302596,28.124729788153914,82.62451361867704
3,12,13,36.644638778240726,28.14008417893746,82.65215152208744
3,12,14,36.800563669754645,28.19638361181048,82.75349050125887
3,12,15,37.570903855643564,28.04862541644414,82.48752574959946
3,12,16,38.18264833213782,28.192823173367916,82.74708171206227
3,12,17,38.543590291449824,28.361943999389638,83.05149919890135
3,12,18,38.50823374998092,28.664581267007446,83.5962462806134
3,12,19,38.72558745275196,28.804328475878027,83.84779125658046
3,12,20,38.92193303392425,28.860324462292883,83.94858403212717
3,12,21,38.94713815504988,28.90735866330968,84.03324559395743
3,12,22,38.92322797592703,29.007273467104095,84.21309224078738
3,12,23,38.91038261373868,28.99948500801098,84.19907301441977
3,13,0,38.85747498333918,28.981905343200825,84.1674296177615
3,13,1,38.87591634489671,28.915814704610767,84.04846646829938
3,13,2,38.963035880530505,28.834814730042467,83.90266651407646
3,13,3,39.001190421683994,28.874424607715977,83.97396429388876
3,13,4,38.86040016482762,28.985910836448713,84.17463950560771
3,13,5,38.7675574480208,29.061125098547848,84.31002517738612
3,13,6,38.67267982235246,29.103405305053283,84.3861295490959
3,13,7,38.683363093875435,29.082487729203226,84.3484779125658
3,13,8,38.64864246142576,29.10429541466392,84.38773174639506
3,13,9,38.6462260071527,29.112083873757026,84.40175097276266
3,13,10,38.498059205673336,29.206435492484932,84.57158388647288
3,13,11,38.36884249296685,29.218897027033893,84.59401464866102
3,13,12,38.23326669006812,29.067355865822336,84.3212405584802
3,13,13,38.40458057984727,28.721103227283127,83.69798580910964
3,13,14,38.46422884585056,28.602718649067928,83.48489356832226
3,13,15,38.132793065030604,28.79253452353704,83.82656214236667
3,13,16,37.98386317272816,28.873757025507995,83.9727626459144
3,13,17,38.10315970473473,29.063795427379773,84.31483176928359
3,13,18,38.356887403405416,29.080039927773967,84.34407186999313
3,13,19,38.46574346551454,29.13973796097852,84.45152832976132
3,13,20,38.737160996901856,29.08493553063249,84.35288395513848
3,13,21,38.594208649380114,29.227575595737648,84.60963607232776
3,13,22,37.51443513473641,29.920080872816058,85.8561455710689
3,13,23,36.21463709944091,30.640624602629643,87.15312428473335
3,14,0,36.24109091464066,30.41587192594288,86.74856946669718
3,14,1,36.82790775758132,29.930762188143735,85.87537193865874
3,14,2,37.0855780921712,29.735160601205465,85.52328908216981
3,14,3,37.42782432631799,29.600086467790742,85.28015564202335
3,14,4,37.68104329777331,29.502396938022937,85.10431448844126
3,14,5,37.76905310603401,29.47013046463722,85.04623483634698
3,14,6,37.84561655194869,29.457891457490913,85.02420462348364
3,14,7,37.941511632047785,29.465457389181353,85.03782330052643
3,14,8,37.57853476387426,29.458781567101553,85.02580682078278
3,14,9,35.98062258036618,29.43430355280893,84.98174639505608
3,14,10,34.89563461176483,29.401592024617887,84.9228656443122
3,14,11,33.90743199588949,29.36175961954172,84.85116731517509
3,14,12,33.00456837039412,29.14791078558531,84.46623941405358
3,14,13,32.14253010393298,29.088495969075055,84.3592927443351
3,14,14,31.472917906689258,29.03108389918873,84.2559510185397
3,14,15,30.689096449592768,29.13722947025762,84.44701304646371
3,14,16,30.177698416332177,29.14768825818265,84.46583886472875
3,14,17,29.7506219190208,29.124545408305988,84.42418173495078
3,14,18,29.396617149009444,29.129542159983906,84.43317588797103
3,14,19,29.10657326434992,29.15703440909437,84.48266193636987
3,14,20,28.834404204121707,29.165267922992797,84.49748226138703
3,14,21,28.407709252221867,29.293666234327713,84.72859922178988
3,14,22,27.345614008312605,30.054932478828107,86.09887846189058
3,14,23,26.287842945734067,30.718064138755377,87.29251544975968
3,15,0,26.036022974121042,30.2990450395463,86.53828107118333
3,15,1,26.06069624406697,29.86444902215101,85.75600823987183
3,15,2,25.89892098957618,29.51574858218255,85.12834744792859
3,15,3,25.58452757047144,29.38557005162636,84.89402609292743
3,15,4,25.42516877025371,29.318366776022987,84.77306019684137
3,15,5,25.256652880159134,29.25272119223824,84.65489814602883
3,15,6,25.09538635288372,29.197534396378526,84.55556191348134
3,15,7,24.953069914381206,29.120762442460776,84.41737239642937
3,15,8,24.78798793299045,29.064908064393077,84.31683451590754
3,15,9,24.534133052515912,28.936954807863476,84.08651865415426
3,15,10,24.462148151539665,28.70196587065436,83.66353856717784
3,15,11,24.53731259761203,28.449397268635078,83.20891508354315
3,15,12,24.493434875285526,28.212850639607336,82.7831311512932
3,15,13,24.36879670751746,28.096913862821395,82.57444495307851
3,15,14,24.275572445299105,28.051963327484046,82.49353398947127
3,15,15,23.98521638712106,28.15855395335826,82.68539711604488
3,15,16,24.79383829596732,27.881284809643702,82.18631265735868
3,15,17,24.565546958065614,27.98498257928333,82.37296864271
3,15,18,24.768249317033714,27.58995193408103,81.66191348134585
3,15,19,29.644552294614105,22.594415197985818,72.66994735637446
3,15,20,28.992109640889463,22.796311131456473,73.03336003662166
3,15,21,28.472953517594323,22.669693039342846,72.80544747081711
3,15,22,28.57368150623954,22.573783728796318,72.63281071183339
3,15,23,28.89799510604419,22.547080440477103,72.58474479285879
3,16,0,29.111787718307564,22.149423971923408,71.86896314946213
3,16,1,28.77755393780301,22.070649271381708,71.72716868848708
3,16,2,28.584110414154825,21.76867958597187,71.18362325474938
3,16,3,28.78887311834521,21.603119198392715,70.88561455710688
3,16,4,29.05506463379272,21.474943414460466,70.65489814602883
3,16,5,29.155665440634078,21.365014877546347,70.45702677958342
3,16,6,29.164568166903234,21.320064342208987,70.37611581597619
3,16,7,29.318839694967163,21.22549019607843,70.20588235294117
3,16,8,29.554507577491872,21.170748455024032,70.10734721904326
3,16,9,28.01751547802553,22.69038808779024,72.84269855802243
3,16,10,26.22374331659621,24.316173291625336,75.76911192492561
3,16,11,25.313248782870136,24.857359934894845,76.74324788281072
3,16,12,24.454644425112814,25.210733450319168,77.37932021057452
3,16,13,23.819880042122616,25.496681162737474,77.89402609292745
3,16,14,23.736703142408007,25.15643676407009,77.28158617532617
3,16,15,25.605003840890475,22.894223188626942,73.2096017395285
3,16,16,25.512288305887495,22.44916838330663,72.40850308995196
3,16,17,24.89660119347405,22.694616108440783,72.85030899519342
3,16,18,24.208674816476663,23.09650059764503,73.57370107576104
3,16,19,24.54952205078115,22.52905572086163,72.55230029755094
3,16,20,24.61463913434977,22.446498054474713,72.40369649805449
3,16,21,24.590347409815383,22.15231682815799,71.87417029068438
3,16,22,24.91796773652,21.938690521604233,71.48964293888763
3,16,23,25.299385966251034,21.69057246763815,71.04303044174867
3,17,0,25.64888156321699,21.560616464484625,70.80910963607232
3,17,1,26.190040138577288,21.419979146003403,70.55596246280612
3,17,2,26.788303343863987,21.389492891838966,70.50108720531014
3,17,3,27.452065178130834,21.25286106660563,70.25514991989013
3,17,4,27.78172041369697,21.17386383866127,70.1129549095903
3,17,5,28.13859255528593,21.034116629790695,69.86140993362325
3,17,6,28.300876536992096,20.974479285877774,69.75406271458
3,17,7,28.40168545951248,20.892791499337616,69.60702469880772
3,17,8,28.77081330219923,20.81692988479438,69.47047379262989
3,17,9,29.345929419186138,20.774649678288956,69.39436942092011
3,17,10,29.152867440949482,21.11333638513771,70.00400549324787
3,17,11,26.755108893060452,23.368874138501052,74.06397344930191
3,17,12,26.33413712233363,24.157288726125984,75.48311970702677
3,17,13,26.026865884244213,24.644846265354392,76.36072327763792
3,17,14,26.75256525698356,23.736711935098295,74.72608148317693
3,17,15,27.917804943811078,22.081330586709395,71.7463950560769
3,17,16,28.15169228108196,21.801836168968237,71.24330510414282
3,17,17,27.590184617106463,22.235987131558204,72.02477683680478
3,17,18,26.705889534972453,22.751805650924442,72.95325017166401
3,17,19,26.439189292309567,23.07246763815773,73.53044174868391
3,17,20,26.123778418774066,23.38000050863407,74.08400091554131
3,17,21,26.108898147724215,23.43362961267516,74.18053330281528
3,17,22,26.06095060767466,23.292547239388625,73.92658503089952
3,17,23,26.80267488769847,22.44316014343481,72.39768825818264
3,18,0,27.345868371920293,21.984086111746905,71.57135500114443
3,18,1,27.89453067370745,21.79827573052567,71.23689631494621
3,18,2,28.687636402484625,21.694355433483377,71.04983978027008
3,18,3,29.32418133072865,21.611575239693796,70.90083543144884
3,18,4,29.842447181396864,21.451800564583806,70.61324101625085
3,18,5,30.220304320620244,21.374361028458072,70.47384985122453
3,18,6,30.72051035514247,21.289578088044554,70.3212405584802
3,18,7,31.611106717557888,21.243332847818994,70.2379991260742
3,18,8,32.19810855221322,21.159622084891023,70.08731975280385
3,18,9,32.19683673417477,21.182097352559694,70.12777523460745
3,18,10,29.93897817051518,23.195080237023475,73.75114442664226
3,18,11,28.890364197813486,24.333752956435486,75.80075532158388
3,18,12,28.85895029226378,24.80973907072557,76.65753032730602
3,18,13,28.955990008597492,25.198939497978184,77.35809109636074
3,18,14,30.40866057211463,23.75607181912973,74.76092927443351
3,18,15,31.14084621685006,22.471866178377965,72.44935912108035
3,18,16,30.223738229324056,22.1075888202233,71.79365987640195
3,18,17,28.51123524055166,22.593588667633075,72.66845960173953
3,18,18,27.36049427936246,23.151464866102085,73.67263675898376
3,18,19,26.908998875712854,23.3753274331782,74.07558937972077
3,18,20,25.96022261902945,23.568926273492533,74.42406729228657
3,18,21,25.77669927608117,23.632124055848024,74.53782330052643
3,18,22,26.37381784513326,23.40915159838254,74.13647287708856
3,18,23,27.786171776831537,22.547525495282425,72.58554589150836
3,19,0,27.9614283025299,22.097130032298267,71.77483405813689
3,19,1,27.852687860242465,21.90709163042649,71.43276493476769
3,19,2,28.26679181356165,21.807176826632077,71.25291828793775
3,19,3,28.96667328012047,21.682784008545053,71.02901121538109
3,19,4,29.50795903728461,21.558391190458014,70.80510414282443
3,19,5,29.95309535074198,21.435333536786956,70.58360036621652
3,19,6,30.04857419948304,21.360584559257017,70.44905220666264
3,19,7,30.19092532393206,21.293806108695097,70.32885099565117
3,19,8,30.47950083685627,21.209023168281572,70.17624170290684
3,19,9,31.268536747910403,21.17097098242669,70.10774776836804
3,19,10,31.81033123228993,21.080847384349326,69.9455252918288
3,19,11,32.07779456577589,21.046800691742323,69.88424124513618
3,19,12,32.49469651877966,20.961127641718168,69.73002975509269
3,19,13,32.892775564814386,20.938874901452152,69.68997482261389
3,19,14,33.257660160045575,20.958679840288905,69.72562371252005
3,19,15,32.60725241518246,21.038344650441235,69.86902037079425
3,19,16,32.8509327513494,21.138927036443622,70.05006866559853
3,19,17,32.34245989957724,21.81118231987996,71.26012817578395
3,19,18,32.30951981238141,21.838108135601843,71.30859464408333
3,19,19,31.65364324995294,22.15899265023779,71.88618677042803
3,19,20,31.17200575879208,22.231981638310327,72.01756694895859
3,19,21,31.3884691889362,22.180577808295823,71.9250400549325
3,19,22,33.503756950485574,21.60957249306986,70.89723048752575
3,19,23,35.084245226866905,21.442231886269422,70.59601739528496
3,20,0,36.430718984173495,21.422649474835325,70.56076905470358
3,20,1,37.42121087251804,21.35566872663462,70.44020370794232
3,20,2,38.40381748902421,21.302039622593522,70.34367132066835
3,20,3,39.22948175958569,21.22393250425981,70.20307850766766
3,20,4,39.99613367316311,21.14226494748353,70.05607690547036
3,20,5,40.432020400886294,21.056652586751003,69.90197465615182
3,20,6,40.78745885668645,21.025883115892267,69.8465896086061
3,20,7,41.25841307632434,20.980042470944277,69.76407644769971
3,20,8,41.485178232579905,21.019429821215123,69.83497367818723
3,20,9,41.77642456338487,20.955341929249002,69.71961547264821
3,20,10,42.0217582630018,20.96580071717403,69.73844129091326
3,20,11,42.36196958828706,20.895259530530762,69.61146715495536
3,20,12,42.75661472561797,20.89926502377864,69.61867704280156
3,20,13,43.22159140047515,20.83450954960453,69.50211718928817
3,20,14,43.583042087002525,20.84519086493222,69.52134355687801
3,20,15,43.51321927669164,20.987608402634724,69.77769512474252
3,20,16,43.67626634922089,21.07394903486686,69.93310826276036
3,20,17,43.37026692916991,21.799610894941637,71.23929961089495
3,20,18,42.98795842681196,22.267140967930626,72.08085374227514
3,20,19,43.167030406625656,22.15810254062715,71.88458457312886
3,20,20,42.756105998402596,22.442937616032143,72.39728770885786
3,20,21,42.853654441951676,22.349253579512226,72.228656443122
3,20,22,43.41656110576948,22.289393708196645,72.12090867475395
3,20,23,44.16667938484705,21.94403117926807,71.49925612268252
3,21,0,44.85206212576753,21.55260547798886,70.79468986037995
3,21,1,45.30419343843638,21.47182803082322,70.64929045548182
3,21,2,45.56873159043389,21.417531344574144,70.55155642023345
3,21,3,45.51633268724978,21.434665954578975,70.58239871824216
3,21,4,45.526125686145825,21.315613794155794,70.36810482948043
3,21,5,45.2625240547039,21.296982181623978,70.33456792692317
3,21,6,44.56183324939334,21.21347371633478,70.18425268940261
3,21,7,43.616999628629124,21.18632537321024,70.13538567177845
3,21,8,43.40346137997344,21.072391343048235,69.93030441748682
3,21,9,43.382985109554404,21.015201800564583,69.82736324101626
3,21,10,43.67664789463242,20.946885887947918,69.70439459830625
3,21,11,43.61343853812147,20.917512270796774,69.65152208743422
3,21,12,44.05018085252507,20.835622186617833,69.5041199359121
3,21,13,44.21399101587738,20.833174385188574,69.49971389333943
3,21,14,44.51363134573611,20.805358459856055,69.4496452277409
3,21,15,43.44911964755378,20.90482820884515,69.62869077592127
3,21,16,41.355198429050354,20.948221052363873,69.70679789425499
3,21,17,37.68117047957715,21.695023015691362,71.05104142824446
3,21,18,34.76667226266604,22.31654205132118,72.16977569237812
3,21,19,32.5366665140485,22.64855293609013,72.76739528496223
3,21,20,31.088956040881325,22.902011647720048,73.22362096589609
3,21,21,30.74505644328454,22.969659978128732,73.34538796063173
3,21,22,30.284403949758097,23.003039088527757,73.40547035934996
3,21,23,30.598924550666684,22.428695862261893,72.37165255207141
3,22,0,31.268409566106556,21.827649347676815,71.28976882581827
3,22,1,31.782096871836348,21.540811525647868,70.77346074616618
3,22,2,31.93903921778104,21.42242694743267,70.56036850537879
3,22,3,32.05045047794922,21.33675389740851,70.40615701533531
3,22,4,32.89282181274306,21.260811363809758,70.26946045485755
3,22,5,33.84066154887088,21.192333613082063,70.14620050354772
3,22,6,34.865874069665104,21.168745708400092,70.10374227512017
3,22,7,35.183574215669815,21.14938582436865,70.06889448386357
3,22,8,36.04535811852326,21.13136110475318,70.03644998855573
3,22,9,37.275969252527105,21.072836397853557,69.93110551613641
3,22,10,37.69083629666936,21.02788586251621,69.85019455252917
3,22,11,38.202107148126096,20.977817196917673,69.76007095445182
3,22,12,38.96634260743047,20.95066885379314,69.71120393682766
3,22,13,39.79773005916498,20.91283919534092,69.64311055161365
3,22,14,41.11304427452955,20.978707306528317,69.76167315175098
3,22,15,43.14464640914895,21.012753999135324,69.82295719844359
3,22,16,44.00083431263323,21.263764909335976,70.27477683680475
3,22,17,43.281112484674594,21.973404796419217,71.5521286335546
3,22,18,42.51611393454716,22.5174842959233,72.53147173266196
3,22,19,41.95206263449476,22.8514979273162,73.13269626916916
3,22,20,42.10900498043944,22.93005010045523,73.27409018081941
3,22,21,42.48673493785898,22.968102286310113,73.3425841153582
3,22,22,42.90007580035509,22.860176496019943,73.14831769283587
3,22,23,43.860934328403765,22.32544314742759,72.18579766536965
3,23,0,44.688124780611396,22.061970702677964,71.71154726482034
3,23,1,45.20359263159501,21.879053177691308,71.38229571984438
3,23,2,45.25344789870224,21.775800462856992,71.19644083314259
3,23,3,45.3350986167707,21.639613692428977,70.95130464637217
3,23,4,44.89735040991851,21.5547902924877,70.79862252647786
3,23,5,45.3466721609206,21.533913176165402,70.76104371709773
3,23,6,45.69909293937497,21.534135703568065,70.76144426642252
3,23,7,46.01628435816431,21.490742860049338,70.6833371480888
3,23,8,46.25716669464666,21.51166043589939,70.72098878461888
3,23,9,46.59712365632424,21.460701660690216,70.62926298924239
3,23,10,46.906684166882876,21.460924188092875,70.62966353856719
3,23,11,47.4625958314892,21.43822639302154,70.58880750743877
3,23,12,47.76935834236323,21.446904961725284,70.60442893110552
3,23,13,48.08184403441032,21.42131431041936,70.55836575875485
3,23,14,48.08235276162569,21.390383001449603,70.50268940260929
3,23,15,48.687992511535384,21.410632995091678,70.53913939116502
3,23,16,49.48783887591634,21.768457058569208,71.18322270542458
3,23,17,49.44396115358984,21.825424073650208,71.28576333257037
3,23,18,50.2726777874436,22.225973398438498,72.0067521171893
3,23,19,47.899083782285096,22.533506268914834,72.5603112840467
3,23,20,47.273985216387125,22.687272704152992,72.8370908674754
3,23,21,47.59969781603406,22.771833117163855,72.98929961089495
3,23,22,46.93491852733646,22.96031382721701,73.32856488899061
3,23,23,46.79667190655698,22.97900612904046,73.36221103227284
3,24,0,46.73702364055371,23.035305561913486,73.46355001144427
3,24,1,46.71158727978471,23.077808295821573,73.54005493247884
3,24,2,46.75126800258434,23.097835762060985,73.57610437170979
3,24,3,47.59563956029319,23.03658003703781,73.46584406666807
3,24,4,49.37108597998667,22.442715088629484,72.39688715953308
3,24,5,49.243522630730176,22.251786577147076,72.05321583886473
3,24,6,49.37210343441743,22.12160804659089,71.8188944838636
3,24,7,49.357731890582954,22.101580580351467,71.78284504463265
3,24,8,49.50068423810469,22.017465222145933,71.63143739986269
3,24,9,49.66042458373396,21.990094351618737,71.58216983291372
3,24,10,49.87307255976273,21.924671295236635,71.46440833142596
3,24,11,50.00063590901922,21.913767452506292,71.44478141451134
3,24,12,50.10505216997594,21.80828946364538,71.25492103456168
3,24,13,50.029378996688195,21.854130108593367,71.33743419546808
3,24,14,50.07681780952236,21.838330663004502,71.3089951934081
3,24,15,50.34250059775449,21.84767681391622,71.32581826504922
3,24,16,50.40672740869618,22.007228961623564,71.61301213092243
3,24,17,50.052907630399496,22.05128938735028,71.6923208972305
3,24,18,49.79282084153655,22.56154472165002,72.61078049897004
3,24,19,49.096373283681565,23.077808295821573,73.54005493247881
3,24,20,47.85418860552783,23.68085755703059,74.62554360265507
3,24,21,47.3904837487091,23.940992090740313,75.09378576333255
3,24,22,46.72621318722688,24.11656621143918,75.40981918059052
3,24,23,47.87046787641998,23.47501970956995,74.2550354772259
3,25,0,48.51807762159853,23.13188245466799,73.63738841840238
3,25,1,48.17494111482481,23.236470333918263,73.82564660105288
3,25,2,48.72987001094689,23.14994763381122,73.6699057408602
3,25,3,49.251280720764726,22.820121563541107,73.07621881437399
3,25,4,48.905854941521795,22.753363342743068,72.9560540169375
3,25,5,49.44129033570909,22.79275069301391,73.02695124742505
3,25,6,49.67772130905687,22.86173418783856,73.15112153810941
3,25,7,50.117134441341214,22.803432008341606,73.04617761501488
3,25,8,50.385615229257915,22.622517229978893,72.720531013962
3,25,9,50.637053655459404,22.62741283283741,72.72934309910734
3,25,10,50.37785713922338,22.632085908293277,72.7377546349279
3,25,11,50.0076309082307,22.582907352305387,72.64923323414969
3,25,12,49.68840458057985,22.511031001246163,72.51985580224307
3,25,13,49.73940448392167,22.50524528877699,72.50944151979859
3,25,14,51.853166063824915,22.600932071920862,72.68167772945755
3,25,15,50.979427071410036,22.857728694590676,73.1439116502632
3,25,16,49.55995095869644,23.356412603952084,74.04154268711376
3,25,17,47.433598380212544,24.08941786831464,75.36095216296634
3,25,18,46.36463531889566,24.509549604537014,76.11718928816661
3,25,19,45.822332107300745,24.192670583148956,75.54680704966812
3,25,20,45.39907106410471,24.08407721065079,75.35133897917144
3,25,21,44.69766341589976,24.326854606953024,75.78833829251546
3,25,22,44.389374723379575,24.22271178250807,75.60088120851451
3,25,23,44.76596004456451,23.696879530022127,74.65438315403982
3,26,0,45.8210602892623,23.088267083746597,73.55888075074388
3,26,1,45.73635720790156,23.145901681035586,73.66262302586405
3,26,2,46.025198646415625,23.423292203333403,74.16192596600014
3,26,3,44.783892678906646,23.979489331400526,75.16308079652093
3,26,4,44.46250426059043,23.863552554614582,74.95439459830625
3,26,5,44.03466467245599,23.846862999415077,74.92435339894713
3,26,6,48.299197737181345,23.914288802421094,75.04571984435798
3,26,7,46.43649303806805,23.788115765112792,74.818608377203
3,26,8,45.631813765141,23.629676254418758,74.53341725795376
3,26,9,45.36129806836275,23.518190025686014,74.33274204623483
3,26,10,45.41267951711614,23.372657104346285,74.0707827878233
3,26,11,45.48377414546545,23.33237964446479,73.99828336003662
3,26,12,45.42946751522366,23.266956588082707,73.88052185854886
3,26,13,47.1434966856422,22.47920958266575,72.46257724879835
3,26,14,47.52084509765019,22.099577833727533,71.77924010070957
3,26,15,47.14057150415376,22.007896543831546,71.61421377889678
3,26,16,47.28237921544089,22.17634978764528,71.9174296177615
3,26,17,46.8603899902833,23.200865949492638,73.76155870908674
3,26,18,45.618078130325735,24.83599730423947,76.70479514763103
3,26,19,43.96547777116433,24.990431321685623,76.98277637903412
3,26,20,43.06185105484588,25.014909335978242,77.02683680476083
3,26,21,42.113456343574015,25.220079601230896,77.39614328221562
3,26,22,41.54126540807554,25.179802141349413,77.32364385442894
3,26,23,43.6016106303639,24.082074464026856,75.34773403524834
3,27,0,45.14763263790323,23.50194552529183,74.3035019455253
3,27,1,45.56193314491927,23.411397102173023,74.14051478391144
3,27,2,46.30460550748084,23.69376414638489,74.6487754634928
3,27,3,46.60946029129721,23.807475649144227,74.8534561684596
3,27,4,45.8386113781929,24.033563490246937,75.2604142824445
3,27,5,45.32695898132463,24.07450853233641,75.33411535820552
3,27,6,47.02191088116641,23.86466519162788,74.9563973449302
3,27,7,45.48148487299625,23.537104854912133,74.36678873884183
3,27,8,45.547873774603325,23.562918033620715,74.41325246051727
3,27,9,46.433059129364246,23.424505989166096,74.16411078049897
3,27,10,46.71845509719233,23.41493731085171,74.14688715953308
3,27,11,47.004995701255034,23.28231097886626,73.90815976195925
3,27,12,47.14400541285758,22.831025406271454,73.09584573128862
3,27,13,48.16705584298643,22.314094249891923,72.16536964980544
3,27,14,48.54364116417136,22.317654688334482,72.17177843900207
3,27,15,48.726782961708096,22.474981562015213,72.45496681162739
3,27,16,48.2484521974472,22.98657206073091,73.37582970931564
3,27,17,47.083466874227376,23.448984003458715,74.20817120622569
3,27,18,45.93857627601505,24.150835431448844,75.47150377660792
3,27,19,45.99364599707991,24.331527682408886,75.796749828336
3,27,20,45.24085690012159,24.754329747463192,76.55779354543375
3,27,21,44.49391816614013,25.153988962640828,77.2771801327535
3,27,22,44.144422569174175,25.4228020650543,77.76104371709772
3,27,23,45.909197279326854,24.193560692759593,75.54840924696727
3,28,0,46.46663512557931,23.542445512575977,74.37640192263676
3,28,1,47.12710179492836,23.357019496868432,74.04263509436318
3,28,2,46.65804374036599,23.947667912820123,75.10580224307624
3,28,3,47.10445187186179,24.12747005416952,75.42944609750515
3,28,4,47.30450884930991,24.006860201927726,75.2123483634699
3,28,5,47.164100137865084,23.992395920754813,75.18631265735867
3,28,6,47.67460789849874,23.70600315353119,74.67080567635614
3,28,7,47.56421409276132,23.64658833702093,74.56385900663768
3,28,8,47.02585351708561,23.519080135296665,74.334344243534
3,28,9,46.50237321245975,23.436967523715065,74.18654154268711
3,28,10,47.235830675233636,23.281198341852956,73.90615701533531
3,28,11,47.512832644007965,23.235802751710285,73.82444495307851
3,28,12,46.9868087033052,23.19930825767402,73.75875486381322
3,28,13,48.405394543391886,22.59981943490756,72.67967498283362
3,28,14,48.88474276208354,22.35904478522927,72.24628061341268
3,28,15,50.17042361715226,22.851720454718848,73.13309681849393
3,28,16,49.384058523978865,23.05466544594491,73.49839780270084
3,28,17,48.32348946171573,23.31769283588922,73.9718471046006
3,28,18,47.41909965457422,23.640802624551768,74.55344472419317
3,28,19,46.953995797913194,24.22961013199054,75.61329823758297
3,28,20,46.51763502892114,24.493750158948142,76.08875028610667
3,28,21,46.4151264950221,24.019544263879354,75.23517967498283
3,28,22,47.063880876435256,23.55090155387707,74.39162279697871
3,28,23,47.23901022032975,23.391126878767068,74.10402838178072
3,29,0,47.81277358540305,23.223017540939264,73.80143157369068
3,29,1,47.89336060111208,23.05466544594492,73.49839780270085
3,29,2,48.569077524940354,23.048434678670436,73.48718242160679
3,29,3,49.991733182750075,23.22801429261718,73.81042572671092
3,29,4,50.17144107158301,23.261170875613544,73.87010757610437
3,29,5,48.60685052068231,23.92830802878869,75.07095445181963
3,29,6,48.73784777864262,23.99106075633885,75.18390936140993
3,29,7,48.82445858706104,23.89759924722158,75.01567864499886
3,29,8,49.174335729438525,23.843747615777826,74.91874570840008
3,29,9,49.36498125340211,23.83907454032196,74.91033417257954
3,29,10,49.42450233760155,23.734041606266373,74.72127489127946
3,29,11,49.3776994337866,23.692651509371583,74.64677271686884
3,29,12,49.295031261287384,23.68108008443326,74.62594415197985
3,29,13,49.35938525403293,23.63301416545866,74.53942549782559
3,29,14,49.309911532337246,23.69020370794232,74.64236667429618
3,29,15,51.246000132269074,23.200198367284656,73.76035706111237
3,29,16,51.23340913368841,23.209989573001707,73.77798123140307
3,29,17,50.669612197243715,23.266289005874725,73.87932021057452
3,29,18,51.25388540410746,23.531986724650952,74.35757610437172
3,29,19,50.104416260956704,23.230239566643778,73.81443121995879
3,29,20,49.51683632719298,23.113412680247198,73.60414282444496
3,29,21,49.08836083003933,23.17060222273086,73.70708400091554
3,29,22,48.155355117032705,23.921187151903563,75.0581368734264
3,29,23,48.39244512336404,24.043536763838883,75.27836617491
3,30,0,48.91463048598711,23.45654993514916,74.2217898832685
3,30,1,49.233983995441804,22.964541847867554,73.33617532616158
3,30,2,49.42958960975536,22.861066605630583,73.14991989013505
3,30,3,49.487075785093275,22.906017140967933,73.23083085374228
3,30,4,49.75479348218692,23.026404465807076,73.44752803845275
3,30,5,51.534957190604835,22.950967676305282,73.31174181734951
3,30,6,50.78674663858492,23.850200910454976,74.93036163881897
3,30,7,49.516963508996845,23.963022303603665,75.1334401464866
3,30,8,49.67047194623771,23.894706390987007,75.01047150377663
3,30,9,49.8976186479048,23.87512397955291,74.97522316319525
3,30,10,50.26797206070133,23.789450929528744,74.82101167315174
3,30,11,50.22218661131715,23.766753134457414,74.78015564202335
3,30,12,50.189755251336685,23.729368530810508,74.71286335545891
3,30,13,50.34504423383137,23.611429007400627,74.50057221332113
3,30,14,50.134939893879505,23.656602070140632,74.58188372625314
3,30,15,50.47985694590704,23.70422293430991,74.66760128175783
3,30,16,50.20781506748265,23.782107525240963,74.80779354543373
3,30,17,48.75285523149631,23.89381628137636,75.00886930647745
3,30,18,49.16238063987711,23.49348948399074,74.28828107118333
3,30,19,49.086071557570115,23.4630032298263,74.23340581368733
3,30,20,48.63762851721278,23.4607779557997,74.22940032043945
3,30,21,47.570318819345886,23.399582920068156,74.11924925612267
3,30,22,45.711938301563315,23.307011520561534,73.95262073701076
3,30,23,44.31101917022891,23.401444058344953,74.12259930502091
3,31,0,44.76328922668376,23.155470359349966,73.67984664682993
3,31,1,43.02547705894622,23.14234124259302,73.65621423666744
3,31,2,41.793085379688556,23.073580275171025,73.53244449530784
3,31,3,43.1990802211946,22.904681976551974,73.22842755779355
3,31,4,41.4399015104111,22.820121563541107,73.076218814374
3,31,5,40.50651425199294,22.368390936140997,72.26310368505379
3,31,6,39.87632841394115,22.017242694743263,71.63103685053788
3,31,7,38.232885144656585,23.101618727906203,73.58291371023115
3,31,8,35.36404519532581,24.84044785229267,76.71280613412681
3,31,9,34.490306202910936,25.428587777523465,77.77145799954225
3,31,10,33.78432000976756,25.904128837008212,78.62743190661479
3,31,11,33.133403537689055,26.212106762289874,79.18179217212177
3,31,12,32.620097777370795,26.31647211413748,79.36964980544747
3,31,13,32.353651898315604,26.285540805167727,79.31397344930191
3,31,14,31.92148812885043,26.475801734442157,79.65644312199588
3,31,15,31.65275297732602,26.717243966328425,80.09103913939116
3,31,16,31.19362666544572,26.85988403143358,80.34779125658045
3,31,17,30.30907721970402,27.330306960657154,81.19455252918287
3,31,18,29.843591817631467,27.30983443961242,81.15770199130235
3,31,19,30.355880123518972,25.561214109508914,78.01018539711606
3,31,20,30.502266379744515,24.862255537753366,76.75205996795607
3,31,21,30.45139365820653,24.65886549172198,76.38595788509957
3,31,22,29.67576964646696,24.72859748781013,76.51147547805823
3,31,23,30.10164369763289,24.102992039876906,75.38538567177844
4,1,0,30.367580849472706,23.614766918440534,74.50658045319295
4,1,1,30.546907192894096,23.315245034459963,73.96744106202793
4,1,2,31.257980658191272,23.69242898196892,74.64637216754407
4,1,3,32.119128652025495,23.36264337122658,74.05275806820782
4,1,4,32.04269238791468,23.748505887439283,74.74731059739071
4,1,5,30.067431792398597,25.731002517738613,78.31580453192952
4,1,6,29.577400302183964,26.26662597594161,79.2799267566949
4,1,7,29.846389817316055,26.20965896086061,79.1773861295491
4,1,8,29.776821370612865,26.136002390580092,79.04480430304419
4,1,9,29.5777818475955,26.239477632817074,79.23105973907073
4,1,10,29.541407851695848,26.371436382594542,79.46858548867017
4,1,11,29.7596518270938,26.453548994176135,79.61638818951702
4,1,12,29.794626823151166,26.649150581114416,79.96847104600594
4,1,13,28.89290783389039,26.923081813789064,80.46154726482034
4,1,14,29.420203592631598,26.984944431728596,80.57289997711148
4,1,15,29.399091413193336,26.551906106151932,79.79343099107349
4,1,16,31.7720495093326,24.485961699855036,76.07473105973907
4,1,17,31.64855597779915,24.210695302764424,75.57925154497597
4,1,18,30.839934068952886,24.88651102464333,76.795719844358
4,1,19,30.300301675238728,25.133293914193434,77.23992904554818
4,1,20,29.78419791523587,25.94974695455355,78.70954451819638
4,1,21,30.040977977198846,25.467307545586333,77.84115358205538
4,1,22,30.507122412254965,25.18231063207031,77.32815913772656
4,1,23,31.393047733874624,24.564958927799392,76.21692607003892
4,2,0,32.17178191881731,24.02065690089265,75.23718242160676
4,2,1,32.63714013908602,24.09097556013326,75.36375600823986
4,2,2,34.57488210246783,23.83262124564482,74.89871824216068
4,2,3,35.65821670761921,23.733374024058392,74.72007324330511
4,2,4,38.370241492809136,23.383115892271302,74.08960860608836
4,2,5,36.257497367336654,23.476799928791234,74.25823987182422
4,2,6,34.42646093738076,23.51685486127006,74.33033875028612
4,2,7,34.11244906368756,23.40203072149742,74.12365529869535
4,2,8,32.5163174254333,24.65997812873528,76.38796063172352
4,2,9,31.324751105209874,25.775507998270644,78.39591439688716
4,2,10,30.683118904812048,26.25149411256072,79.2526894026093
4,2,11,30.207840503843432,26.520752269779504,79.73735408560309
4,2,12,29.76283137218992,26.75129065893543,80.15232318608378
4,2,13,29.493587493450132,27.21080974542865,80.97945754177157
4,2,14,30.614949457951145,25.797093156328685,78.43476768139162
4,2,15,31.4843642690353,24.05581623051296,75.30046921492333
4,2,16,32.221255640513,24.120794232089725,75.4174296177615
4,2,17,31.745722875936693,24.496643015182727,76.0939574273289
4,2,18,30.96864205444399,24.89496706594441,76.81094071869994
4,2,19,30.467545747294835,25.06253020014751,77.11255436026552
4,2,20,30.407261572272333,25.16110983952596,77.28999771114674
4,2,21,30.439137957108745,24.664509595843995,76.39611727251919
4,2,22,30.804577527483985,24.3175084560413,75.77151522087432
4,2,23,31.650463704856822,23.95834922814781,75.12502861066605
4,3,0,32.711159948923786,23.666615803260346,74.59990844586862
4,3,1,32.982947463740466,23.52041529971262,74.33674753948272
4,3,2,34.10189297396843,23.498385086849268,74.29709315632867
4,3,3,35.40779573584848,23.373992268762247,74.07318608377203
4,3,4,36.87547375221933,23.75696192874037,74.76253147173269
4,3,5,37.49523068235582,24.14705246560362,75.46469443808651
4,3,6,37.72860929241131,24.532914981816322,76.15924696726938
4,3,7,38.13419206487289,24.500871035833267,76.10156786449988
4,3,8,42.28693232401854,24.51689300882479,76.13040741588463
4,3,9,40.9694560179886,24.502651255054545,76.10477225909817
4,3,10,41.22127598960161,24.48640675466036,76.07553215838864
4,3,11,41.36333806449644,24.47817324076193,76.06071183337147
4,3,12,42.84233526140949,23.98994811932555,75.18190661478599
4,3,13,43.71785479907819,23.534434526080215,74.36198214694438
4,3,14,43.49414200611489,23.639022405330483,74.55024032959487
4,3,15,42.99126515371193,23.716684468858876,74.69003204394598
4,3,16,43.86436823710758,23.825500368759695,74.88590066376744
4,3,17,44.71432423220344,23.956791536329188,75.12222476539253
4,3,18,44.505873255701566,23.877571780982166,74.9796292057679
4,3,19,44.97199456679334,23.74628061341268,74.74330510414282
4,3,20,45.5798310933149,23.72285454684173,74.70113818431513
4,3,21,45.55690368267631,23.605420767528802,74.48975738155184
4,3,22,45.9028381891346,23.408038961369243,74.13447013046463
4,3,23,46.76932781873032,23.427843900205996,74.17011902037079
4,4,0,49.516200418173774,23.641025151954427,74.55384527351798
4,4,1,48.16858202463257,23.826613005772995,74.88790341039139
4,4,2,48.51057389517167,23.735599298084992,74.72407873655298
4,4,3,49.132238552365834,23.96591515983825,75.13864728770885
4,4,4,47.92744532454253,24.271000228885317,75.68780041199359
4,4,5,47.398241838743644,24.4314424862033,75.97659647516595
4,4,6,46.77339763645336,24.595445181963836,76.2718013275349
4,4,7,46.93517289094415,24.60634902469418,76.29142824444953
4,4,8,46.90999089378284,24.565626510007373,76.21812771801329
4,4,9,47.11767877946166,24.561843544162144,76.21131837949184
4,4,10,47.41006974650123,24.48974466570026,76.08154039826047
4,4,11,47.49222919178508,24.4721650008901,76.04989700160219
4,4,12,47.59092227156878,24.384266676839346,75.89168001831082
4,4,13,49.9544689142235,23.455214770733196,74.21938658731976
4,4,14,49.81558638442481,23.578717479209587,74.44169146257724
4,4,15,48.98038347857496,23.65103888507414,74.57186999313345
4,4,16,48.27516037625464,23.919629460084938,75.0553330281529
4,4,17,47.89170723766208,24.3789260191755,75.8820668345159
4,4,18,46.557951660739995,24.866261031001255,76.75926985580226
4,4,19,45.07946319104232,25.657791002263423,78.18402380407417
4,4,20,44.27300337286144,25.95476393599534,78.71857508479162
4,4,21,44.21602592473891,25.31131583632157,77.56036850537882
4,4,22,44.10207102849381,25.247005416952778,77.444609750515
4,4,23,44.106776755236076,25.06297525495283,77.11335545891508
4,5,0,44.246168012250145,24.318398565651943,75.77311741817348
4,5,1,46.04693517289095,24.051365682459746,75.29245822842752
4,5,2,46.81511326811451,24.15150301365682,75.47270542458229
4,5,3,46.81511326811451,24.337313394878056,75.8071641107805
4,5,4,49.16161754905402,24.873826962691695,76.77288853284504
4,5,5,47.78576479505924,24.373585361511655,75.87245365072098
4,5,6,47.494264100646596,24.087637649093356,75.35774776836803
4,5,7,46.84080399249118,23.958794282953132,75.12582970931562
4,5,8,47.64446581098749,23.982382187635107,75.16828793774319
4,5,9,48.256337469285604,24.030003051804375,75.25400549324787
4,5,10,48.58650143206712,24.031338216220338,75.2564087891966
4,5,11,49.00442083950165,24.01042064037029,75.21875715266651
4,5,12,49.12460764413513,23.90427506930139,75.0276951247425
4,5,13,48.67730924001242,24.025107448945857,75.24519340810252
4,5,14,48.84035631254165,24.119014012868444,75.41422522316319
4,5,15,48.65744575464827,24.35863556600567,75.8455440188102
4,5,16,46.86598598965248,25.96977442079296,78.74559395742733
4,5,17,38.88596370740045,29.781668828361433,85.60700389105057
4,5,18,37.717671657280654,30.31395437552453,86.56511787594415
4,5,19,37.21911898620841,30.61147351288116,87.10065232318608
4,5,20,36.70110749914789,30.973748124411895,87.75274662394143
4,5,21,36.21336528140247,31.337135372955924,88.40684367132066
4,5,22,35.38770101084097,31.898349482464848,89.41702906843672
4,5,23,34.40191484923868,32.51141247679357,90.52054245822842
4,6,0,34.82619334686547,31.969335723913435,89.54480430304416
4,6,1,35.24217034129584,31.534294651712823,88.7617303730831
4,6,2,35.88650804552091,31.01847613234658,87.83325703822386
4,6,3,36.07384684258454,30.890967930622313,87.60374227512017
4,6,4,36.09648520366894,30.86493222451108,87.55687800411994
4,6,5,36.06049275318082,30.906989903613848,87.63258182650492
4,6,6,35.998936760119854,30.94570967167671,87.70227740901807
4,6,7,36.093560022180505,30.89697617049414,87.61455710688945
4,6,8,36.14634047077617,30.856476183209992,87.54165712977799
4,6,9,36.31294863381306,30.756561379415576,87.36181048294806
4,6,10,36.375649263108635,30.725185015640495,87.3053330281529
4,6,11,36.29768681735167,30.827547620864177,87.4895857175555
4,6,12,36.44979625475024,30.730080618499017,87.31414511329824
4,6,13,36.48934979574602,30.646632842501464,87.16393911650266
4,6,14,36.23460464264456,30.69514381628137,87.25125886930645
4,6,15,36.21832537175242,30.652641082373293,87.17475394827191
4,6,16,36.116325565068756,30.668885582767476,87.20399404898144
4,6,17,36.041797028015615,30.659316904453092,87.18677042801556
4,6,18,36.510334793380444,30.314844485135165,86.5667200732433
4,6,19,36.557392060803075,30.28257801174945,86.50864042114902
4,6,20,36.683174864805736,30.192676941074748,86.34681849393456
4,6,21,36.62047423551017,30.286583504997335,86.51585030899518
4,6,22,36.21018573630633,30.71583886472877,87.2885099565118
4,6,23,36.32922790470521,30.85825640243127,87.5448615243763
4,7,0,36.484065969895376,30.92813000686656,87.67063401235981
4,7,1,36.5138958838881,30.903651992573952,87.62657358663311
4,7,2,36.68406513743266,30.78482235955342,87.41268024719618
4,7,3,36.627214871113964,30.84601739528496,87.52283131151295
4,7,4,36.497235067584405,30.940146486610207,87.69226367589839
4,7,5,36.46302316235012,30.990660207014063,87.78318837262532
4,7,6,36.63306523409083,30.88340199893187,87.59012359807735
4,7,7,36.868351571204,30.760789400066127,87.36942092011901
4,7,8,36.97136883231842,30.721624577197932,87.29892423895627
4,7,9,36.96513692393002,30.728967981485713,87.31214236667428
4,7,10,37.028091916833276,30.692250960046795,87.24605172808424
4,7,11,37.08367036511352,30.68156964471912,87.22682536049439
4,7,12,37.159470720205114,30.641737239642946,87.15512703135731
4,7,13,37.54330540420921,30.31106151928994,86.5599107347219
4,7,14,37.78545955873001,29.955240202436354,85.91943236438544
4,7,15,37.88466136572909,29.78278146537474,85.60900663767454
4,7,16,37.921035361628746,29.73516060120546,85.52328908216982
4,7,17,37.8400205525795,29.77210015004705,85.58978027008469
4,7,18,37.29593679573076,30.109006637674515,86.19621194781416
4,7,19,37.20754544205851,30.104556089621312,86.18820096131837
4,7,20,37.12462290595159,30.141940693268214,86.25549324788282
4,7,21,37.20818135107774,30.066948958571743,86.12050812542917
4,7,22,36.952927470760905,30.267223620965893,86.48100251773862
4,7,23,36.812900304727606,30.45436916660309,86.81786449988556
4,8,0,37.00241275443876,30.39212218314989,86.70581992966979
4,8,1,36.87267575253475,30.48040487271433,86.86472877088579
4,8,2,36.92151356521119,30.471058721802603,86.84790569924469
4,8,3,36.97391246839532,30.41208896009766,86.74176012817578
4,8,4,36.958523470130075,30.378264794893322,86.68087663080799
4,8,5,36.91375547517665,30.397847206327416,86.71612497138933
4,8,6,36.93346865477262,30.30883624526334,86.55590524147402
4,8,7,36.64120486953691,30.216264845756722,86.38927672236211
4,8,8,36.23981909660221,30.304830752015466,86.54869535362782
4,8,9,35.987363215969964,30.34733348592356,86.62520027466242
4,8,10,36.09915602154968,30.331534040334684,86.59676127260245
4,8,11,36.05120848150013,30.219602756796622,86.39528496223393
4,8,12,36.25215573157517,30.109006637674522,86.19621194781415
4,8,13,36.40121280568147,30.145723659113443,86.2623025864042
4,8,14,37.087485819228874,29.890929783067563,85.80367360952162
4,8,15,37.74234492722656,29.714688080160716,85.4864385442893
4,8,16,37.91747427112108,29.801696294600845,85.64305333028153
4,8,17,37.67290366232722,30.00797919686681,86.01436255436026
4,8,18,37.43952505227172,30.239407695633375,86.43093385214007
4,8,19,37.552971221301426,30.376707103074697,86.67807278553448
4,8,20,37.53948995009386,30.53292133974212,86.95925841153581
4,8,21,36.78034176294329,30.905654739197885,87.6301785305562
4,8,22,35.122526949824234,31.79487424022787,89.23077363241016
4,8,23,32.680266332571634,33.048371099412535,91.48706797894256
4,9,0,32.52967151483702,32.495613031204705,90.49210345616846
4,9,1,32.15130564839827,32.33962132193992,90.21131837949186
4,9,2,32.775895487080874,31.565225960682586,88.81740672922865
4,9,3,33.25804170545712,31.241448589812062,88.23460746166172
4,9,4,33.864698909797575,31.020701406373178,87.83726253147175
4,9,5,34.19626187242139,30.999338775717817,87.79880979629205
4,9,6,34.53418392523745,30.93302560972509,87.67944609750516
4,9,7,34.416032029465484,31.14598433407086,88.06277180132754
4,9,8,34.795415350335,30.946154726482032,87.70307850766767
4,9,9,35.047998412771086,30.880286615294633,87.58451590753036
4,9,10,35.339499107183734,30.743432262658633,87.33817807278554
4,9,11,35.776622966998865,30.360017547875184,86.64803158617532
4,9,12,35.819864780306155,30.09854784974949,86.1773861295491
4,9,13,35.88014895532866,29.95256987360443,85.91462577248797
4,9,14,36.19505110164879,30.130146740927234,86.23426413366901
4,9,15,36.100682203195824,30.432338953739734,86.77821011673153
4,9,16,35.7656853318682,30.742987207853314,87.33737697413595
4,9,17,35.51717208715515,30.95016021972992,87.71028839551384
4,9,18,35.41847900737146,31.063871722489257,87.91496910048066
4,9,19,35.449892912921165,31.164231581088988,88.09561684596018
4,9,20,35.5034364523399,31.203173876554516,88.16571297779812
4,9,21,35.13435485758181,31.460193026626996,88.62834744792859
4,9,22,34.10904984093025,32.18828245836715,89.93890842506086
4,9,23,32.30964699418525,33.425555046921495,92.16599908445869
4,10,0,32.26360718119337,33.19390402075228,91.7490272373541
4,10,1,33.32061515294883,32.298453752447806,90.13721675440604
4,10,2,34.27765822688216,31.68338801149513,89.03009842069123
4,10,3,34.62461018777122,31.55587980977086,88.80058365758755
4,10,4,34.65983954743626,31.603278146537477,88.88590066376746
4,10,5,34.68845545330138,31.59838254367895,88.87708857862212
4,10,6,34.85722570700364,31.52027542534523,88.73649576562143
4,10,7,34.911913882656975,31.488008951959515,88.67841611352712
4,10,8,35.031464778271236,31.406118867780577,88.53101396200503
4,10,9,35.13753440267795,31.34158592100913,88.41485465781643
4,10,10,35.031210414663555,31.427926553241274,88.57026779583428
4,10,11,34.87592143216886,31.40522875816993,88.5294117647059
4,10,12,34.77888171583515,31.383866127514562,88.49095902952621
4,10,13,35.38159628425642,30.978421199867757,87.76115815976198
4,10,14,35.678057069019026,30.89786628010479,87.6161593041886
4,10,15,35.54820444729332,31.09079753821113,87.96343556878004
4,10,16,35.510177087943674,31.205399150581115,88.16971847104601
4,10,17,35.44429691355199,31.353824928155436,88.4368848706798
4,10,18,35.31393556461091,31.465311156888173,88.6375600823987
4,10,19,35.54629672023564,31.334242516721343,88.40163653009843
4,10,20,35.45866845738646,31.35783042140332,88.44409475852599
4,10,21,35.1096815876359,31.502028178327105,88.70365072098879
4,10,22,33.55740454774382,32.52425837685622,90.5436650783412
4,10,23,32.17318091865961,33.468947890440226,92.24410620279242
4,11,0,32.08644292843734,33.358129243915464,92.04463263904783
4,11,1,32.88361847493755,32.50473665471377,90.50852597848477
4,11,2,33.24341579801495,31.869865974924334,89.36575875486382
4,11,3,33.27584715799541,31.690286360977595,89.04251544975968
4,11,4,33.419308232732526,31.547868823275095,88.78616388189516
4,11,5,33.743367468929485,31.388539202970424,88.49937056534675
4,11,6,33.980561533100335,31.397885353882145,88.51619363698786
4,11,7,34.05661625179962,31.48088807507439,88.6655985351339
4,11,8,34.339595765354666,31.41635512830294,88.54943923094531
4,11,9,34.52032110861835,31.350932071920855,88.43167772945755
4,11,10,34.63046055074808,31.308874392818087,88.35597390707255
4,11,11,34.403568212688675,31.384756237125202,88.49256122682537
4,11,12,34.53024128931825,31.247901884489206,88.24622339208058
4,11,13,34.985297783475524,30.99956130312047,87.79921034561686
4,11,14,35.06097095676327,31.062981612878616,87.91336690318151
4,11,15,34.266339046339965,31.20228376694388,88.16411078049896
4,11,16,32.84495520656869,31.32645405762824,88.38761730373083
4,11,17,31.42331700318972,31.39298975102362,88.50738155184253
4,11,18,29.930329807853738,31.5863660639353,88.85545891508355
4,11,19,28.9809176421511,31.613959461865164,88.90512703135728
4,11,20,28.184123641062428,31.694736909030798,89.05052643625544
4,11,21,27.626107695701577,31.588915014183957,88.86004702553113
4,11,22,26.907727057674403,31.732121512677708,89.11781872281988
4,11,23,25.4794754004955,32.59931080084432,90.6787594415198
4,12,0,25.18746597886747,32.2381488263269,90.02866788738841
4,12,1,26.25960858528049,31.702080313318586,89.06374456397346
4,12,2,27.081457401726624,31.257025507998268,88.2626459143969
4,12,3,27.323357192639737,31.279723303069606,88.3035019455253
4,12,4,27.48322472007285,31.303978789959558,88.34716182192722
4,12,5,27.622870340694618,31.32155845476971,88.37880521858547
4,12,6,27.848745224323263,31.245454083059943,88.24181734950788
4,12,7,28.00963020618714,31.11082500445055,87.99948500801099
4,12,8,28.139610009716687,30.93925637699957,87.69066147859924
4,12,9,28.27900126673077,30.77102566058849,87.3878461890593
4,12,10,28.381128255218275,30.662877342895655,87.19317921721216
4,12,11,28.289811720057585,30.62438010223545,87.12388418402382
4,12,12,27.543890440506896,31.069879962361085,87.92578393224996
4,12,13,27.73300978282435,30.77058060578317,87.3870450904097
4,12,14,31.202173282664102,26.985656519417102,80.5741817349508
4,12,15,27.97083975601443,28.825913633936057,83.88664454108493
4,12,16,27.933193942076315,28.747138933394368,83.74485008010986
4,12,17,27.92950566976481,28.820127921466895,83.8762302586404
4,12,18,28.08479465225951,29.024185549706264,84.24353398947127
4,13,14,42.290323838787735,26.814636792892692,80.26634622720685
4,13,15,37.099059363378764,29.50662495867348,85.11192492561226
4,13,16,36.394344988273836,29.75340784822359,85.55613412680248
4,13,17,36.531574154622554,29.484817273212787,85.07267109178302
4,13,18,36.09038047708439,29.934322626586297,85.88178072785531
4,13,19,36.14939283406844,29.976157778286403,85.95708400091553
4,13,20,36.09597647645356,29.93966328425014,85.89139391165025
4,13,21,35.592718078639045,29.978160524910347,85.96068894483862
4,13,22,34.02405771001531,30.564742758322534,87.01653696498056
4,13,23,32.82727693583423,30.83400091554132,87.50120164797437
4,14,0,31.473045088493098,31.068544797945123,87.92338063630122
4,14,1,31.184851120980422,30.47995981790901,86.86392767223622
4,14,2,30.660480543727648,30.116350041962306,86.20943007553215
4,14,3,30.539530648271086,29.416723887998774,84.9501029983978
4,14,4,29.650657021198665,29.3897980722769,84.90163653009841
4,14,5,29.705218015048157,28.791199359121077,83.82415884641796
4,14,6,29.607542389695222,28.432707713435573,83.17887388418403
4,14,7,29.51737049076915,28.16144680959283,82.69060425726711
4,14,8,29.483794494554076,27.989655654739195,82.38138017853058
4,14,9,29.502998946934667,27.84634800742606,82.12342641336691
4,14,10,29.351525418555312,27.848269834994486,82.12688570299007
4,14,11,29.32863269386323,27.812968897027037,82.06334401464868
4,14,12,29.24278497626788,27.839449657943593,82.11100938429847
4,14,13,29.61631793416052,27.792496375982306,82.02649347676814
4,14,14,30.043903158687282,27.63516950230157,81.74330510414282
4,14,15,29.97090080328027,27.69525190101982,81.85145342183567
4,14,16,30.068576428633204,27.563515678645,81.61432822156101
4,14,17,30.185456506366723,27.44535362783245,81.40163653009841
4,14,18,30.207331776628052,27.390166831972735,81.30230029755091
4,14,19,29.844863635669913,27.60112280969457,81.68202105745023
4,14,20,28.479694153198114,28.33168027262786,82.99702449073014
4,14,21,27.148990939568293,29.30701787848732,84.75263218127718
4,14,22,26.56433618729301,29.869789679814847,85.76562142366674
4,14,23,25.990873433756082,30.475731797258465,86.85631723506525
